Time	Module	Type	Message
2024-01-02 17:45:25.677000	AnodePlaneArray	LOAD	Loaded APA called US_APA_1	US_APA_1
2024-01-02 17:45:25.681000	Main	commandHandler	Invalid command issued from UI.	process.switchAPA( "US_APA_1" )	[Errno 2] No such file or directory: u'../Data/APA/US_APA_1//state.xml'	<type 'exceptions.IOError'>	[Errno 2] No such file or directory: u'../Data/APA/US_APA_1//state.xml'	['  File "main.py", line 84, in commandHandler\n    result = eval( command )\n', '  File "<string>", line 1, in <module>\n', '  File "C:\\DUNE\\dune_winder\\src\\winder\\Control\\Control\\Process.py", line 698, in switchAPA\n    False\n', '  File "C:\\DUNE\\dune_winder\\src\\winder\\Control\\Control\\AnodePlaneArray.py", line 76, in __init__\n    self.load()\n', '  File "C:\\DUNE\\dune_winder\\src\\winder\\Control\\Control\\AnodePlaneArray.py", line 243, in load\n    APA_Base.load( self )\n', '  File "C:\\DUNE\\dune_winder\\src\\winder\\Control\\Control\\APA_Base.py", line 248, in load\n    Serializable.load( self, self.getPath(), APA_Base.FILE_NAME, nameOverride )\n', '  File "C:\\DUNE\\dune_winder\\src\\winder\\Control\\Library\\Serializable.py", line 306, in load\n    xmlDocument = xml.dom.minidom.parse( fullName )\n', '  File "C:\\ProgramData\\anaconda3\\envs\\DunePy27\\lib\\xml\\dom\\minidom.py", line 1918, in parse\n    return expatbuilder.parse(file)\n', '  File "C:\\ProgramData\\anaconda3\\envs\\DunePy27\\lib\\xml\\dom\\expatbuilder.py", line 922, in parse\n    fp = open(file, \'rb\')\n']
2024-01-02 17:45:30.590000	Main	commandHandler	Invalid command issued from UI.	process.apa.loadRecipe( "null", "X-Layer_FULL.gc", -1 )	'NoneType' object has no attribute 'loadRecipe'	<type 'exceptions.AttributeError'>	'NoneType' object has no attribute 'loadRecipe'	['  File "main.py", line 84, in commandHandler\n    result = eval( command )\n', '  File "<string>", line 1, in <module>\n']
2024-01-02 17:45:35.301000	Main	commandHandler	Invalid command issued from UI.	process.switchAPA( "US_APA_1" )	float argument required, not NoneType	<type 'exceptions.TypeError'>	float argument required, not NoneType	['  File "main.py", line 84, in commandHandler\n    result = eval( command )\n', '  File "<string>", line 1, in <module>\n', '  File "C:\\DUNE\\dune_winder\\src\\winder\\Control\\Control\\Process.py", line 698, in switchAPA\n    False\n', '  File "C:\\DUNE\\dune_winder\\src\\winder\\Control\\Control\\AnodePlaneArray.py", line 56, in __init__\n    AnodePlaneArray.activeAPA.close()\n', '  File "C:\\DUNE\\dune_winder\\src\\winder\\Control\\Control\\AnodePlaneArray.py", line 308, in close\n    self._gCodeHandler._headPosition\n', '  File "C:\\DUNE\\dune_winder\\src\\winder\\Control\\Control\\APA_Base.py", line 231, in setLocation\n    print("$$$$$ APA_Base.setLocation SETTING X: %f Y: %f" %(self._x, self._y))\n']
2024-01-02 17:46:42.776000	Main	commandHandler	Invalid command issued from UI.	process.switchAPA( "Wood APA" )	float argument required, not NoneType	<type 'exceptions.TypeError'>	float argument required, not NoneType	['  File "main.py", line 84, in commandHandler\n    result = eval( command )\n', '  File "<string>", line 1, in <module>\n', '  File "C:\\DUNE\\dune_winder\\src\\winder\\Control\\Control\\Process.py", line 698, in switchAPA\n    False\n', '  File "C:\\DUNE\\dune_winder\\src\\winder\\Control\\Control\\AnodePlaneArray.py", line 56, in __init__\n    AnodePlaneArray.activeAPA.close()\n', '  File "C:\\DUNE\\dune_winder\\src\\winder\\Control\\Control\\AnodePlaneArray.py", line 308, in close\n    self._gCodeHandler._headPosition\n', '  File "C:\\DUNE\\dune_winder\\src\\winder\\Control\\Control\\APA_Base.py", line 231, in setLocation\n    print("$$$$$ APA_Base.setLocation SETTING X: %f Y: %f" %(self._x, self._y))\n']
2024-01-02 17:46:44.912000	Main	commandHandler	Invalid command issued from UI.	process.switchAPA( "Wood APA" )	float argument required, not NoneType	<type 'exceptions.TypeError'>	float argument required, not NoneType	['  File "main.py", line 84, in commandHandler\n    result = eval( command )\n', '  File "<string>", line 1, in <module>\n', '  File "C:\\DUNE\\dune_winder\\src\\winder\\Control\\Control\\Process.py", line 698, in switchAPA\n    False\n', '  File "C:\\DUNE\\dune_winder\\src\\winder\\Control\\Control\\AnodePlaneArray.py", line 56, in __init__\n    AnodePlaneArray.activeAPA.close()\n', '  File "C:\\DUNE\\dune_winder\\src\\winder\\Control\\Control\\AnodePlaneArray.py", line 308, in close\n    self._gCodeHandler._headPosition\n', '  File "C:\\DUNE\\dune_winder\\src\\winder\\Control\\Control\\APA_Base.py", line 231, in setLocation\n    print("$$$$$ APA_Base.setLocation SETTING X: %f Y: %f" %(self._x, self._y))\n']
2024-01-02 17:46:46.049000	Main	commandHandler	Invalid command issued from UI.	process.switchAPA( "US_APA_1" )	float argument required, not NoneType	<type 'exceptions.TypeError'>	float argument required, not NoneType	['  File "main.py", line 84, in commandHandler\n    result = eval( command )\n', '  File "<string>", line 1, in <module>\n', '  File "C:\\DUNE\\dune_winder\\src\\winder\\Control\\Control\\Process.py", line 698, in switchAPA\n    False\n', '  File "C:\\DUNE\\dune_winder\\src\\winder\\Control\\Control\\AnodePlaneArray.py", line 56, in __init__\n    AnodePlaneArray.activeAPA.close()\n', '  File "C:\\DUNE\\dune_winder\\src\\winder\\Control\\Control\\AnodePlaneArray.py", line 308, in close\n    self._gCodeHandler._headPosition\n', '  File "C:\\DUNE\\dune_winder\\src\\winder\\Control\\Control\\APA_Base.py", line 231, in setLocation\n    print("$$$$$ APA_Base.setLocation SETTING X: %f Y: %f" %(self._x, self._y))\n']
2024-01-02 17:49:34.641000	Main	commandHandler	Invalid command issued from UI.	process.switchAPA( "Wood APA" )	float argument required, not NoneType	<type 'exceptions.TypeError'>	float argument required, not NoneType	['  File "main.py", line 84, in commandHandler\n    result = eval( command )\n', '  File "<string>", line 1, in <module>\n', '  File "C:\\DUNE\\dune_winder\\src\\winder\\Control\\Control\\Process.py", line 698, in switchAPA\n    False\n', '  File "C:\\DUNE\\dune_winder\\src\\winder\\Control\\Control\\AnodePlaneArray.py", line 56, in __init__\n    AnodePlaneArray.activeAPA.close()\n', '  File "C:\\DUNE\\dune_winder\\src\\winder\\Control\\Control\\AnodePlaneArray.py", line 308, in close\n    self._gCodeHandler._headPosition\n', '  File "C:\\DUNE\\dune_winder\\src\\winder\\Control\\Control\\APA_Base.py", line 231, in setLocation\n    print("$$$$$ APA_Base.setLocation SETTING X: %f Y: %f" %(self._x, self._y))\n']
2024-01-02 17:49:36.872000	Main	commandHandler	Invalid command issued from UI.	process.switchAPA( "US_APA_1" )	float argument required, not NoneType	<type 'exceptions.TypeError'>	float argument required, not NoneType	['  File "main.py", line 84, in commandHandler\n    result = eval( command )\n', '  File "<string>", line 1, in <module>\n', '  File "C:\\DUNE\\dune_winder\\src\\winder\\Control\\Control\\Process.py", line 698, in switchAPA\n    False\n', '  File "C:\\DUNE\\dune_winder\\src\\winder\\Control\\Control\\AnodePlaneArray.py", line 56, in __init__\n    AnodePlaneArray.activeAPA.close()\n', '  File "C:\\DUNE\\dune_winder\\src\\winder\\Control\\Control\\AnodePlaneArray.py", line 308, in close\n    self._gCodeHandler._headPosition\n', '  File "C:\\DUNE\\dune_winder\\src\\winder\\Control\\Control\\APA_Base.py", line 231, in setLocation\n    print("$$$$$ APA_Base.setLocation SETTING X: %f Y: %f" %(self._x, self._y))\n']
2024-01-02 17:49:52.554000	AnodePlaneArray	LOAD	Loaded APA called US_APA_1	US_APA_1
2024-01-02 17:49:52.557000	Main	commandHandler	Invalid command issued from UI.	process.switchAPA( "US_APA_1" )	[Errno 2] No such file or directory: u'../Data/APA/US_APA_1//state.xml'	<type 'exceptions.IOError'>	[Errno 2] No such file or directory: u'../Data/APA/US_APA_1//state.xml'	['  File "main.py", line 84, in commandHandler\n    result = eval( command )\n', '  File "<string>", line 1, in <module>\n', '  File "C:\\DUNE\\dune_winder\\src\\winder\\Control\\Control\\Process.py", line 698, in switchAPA\n    False\n', '  File "C:\\DUNE\\dune_winder\\src\\winder\\Control\\Control\\AnodePlaneArray.py", line 76, in __init__\n    self.load()\n', '  File "C:\\DUNE\\dune_winder\\src\\winder\\Control\\Control\\AnodePlaneArray.py", line 243, in load\n    APA_Base.load( self )\n', '  File "C:\\DUNE\\dune_winder\\src\\winder\\Control\\Control\\APA_Base.py", line 248, in load\n    Serializable.load( self, self.getPath(), APA_Base.FILE_NAME, nameOverride )\n', '  File "C:\\DUNE\\dune_winder\\src\\winder\\Control\\Library\\Serializable.py", line 306, in load\n    xmlDocument = xml.dom.minidom.parse( fullName )\n', '  File "C:\\ProgramData\\anaconda3\\envs\\DunePy27\\lib\\xml\\dom\\minidom.py", line 1918, in parse\n    return expatbuilder.parse(file)\n', '  File "C:\\ProgramData\\anaconda3\\envs\\DunePy27\\lib\\xml\\dom\\expatbuilder.py", line 922, in parse\n    fp = open(file, \'rb\')\n']
2024-01-02 17:50:16.660000	Main	commandHandler	Invalid command issued from UI.	process.switchAPA( "Wood APA" )	float argument required, not NoneType	<type 'exceptions.TypeError'>	float argument required, not NoneType	['  File "main.py", line 84, in commandHandler\n    result = eval( command )\n', '  File "<string>", line 1, in <module>\n', '  File "C:\\DUNE\\dune_winder\\src\\winder\\Control\\Control\\Process.py", line 698, in switchAPA\n    False\n', '  File "C:\\DUNE\\dune_winder\\src\\winder\\Control\\Control\\AnodePlaneArray.py", line 56, in __init__\n    AnodePlaneArray.activeAPA.close()\n', '  File "C:\\DUNE\\dune_winder\\src\\winder\\Control\\Control\\AnodePlaneArray.py", line 308, in close\n    self._gCodeHandler._headPosition\n', '  File "C:\\DUNE\\dune_winder\\src\\winder\\Control\\Control\\APA_Base.py", line 231, in setLocation\n    print("$$$$$ APA_Base.setLocation SETTING X: %f Y: %f" %(self._x, self._y))\n']
2024-01-02 17:50:18.677000	Main	commandHandler	Invalid command issued from UI.	process.switchAPA( "Wood APA" )	float argument required, not NoneType	<type 'exceptions.TypeError'>	float argument required, not NoneType	['  File "main.py", line 84, in commandHandler\n    result = eval( command )\n', '  File "<string>", line 1, in <module>\n', '  File "C:\\DUNE\\dune_winder\\src\\winder\\Control\\Control\\Process.py", line 698, in switchAPA\n    False\n', '  File "C:\\DUNE\\dune_winder\\src\\winder\\Control\\Control\\AnodePlaneArray.py", line 56, in __init__\n    AnodePlaneArray.activeAPA.close()\n', '  File "C:\\DUNE\\dune_winder\\src\\winder\\Control\\Control\\AnodePlaneArray.py", line 308, in close\n    self._gCodeHandler._headPosition\n', '  File "C:\\DUNE\\dune_winder\\src\\winder\\Control\\Control\\APA_Base.py", line 231, in setLocation\n    print("$$$$$ APA_Base.setLocation SETTING X: %f Y: %f" %(self._x, self._y))\n']
2024-01-02 17:50:29.254000	Main	commandHandler	Invalid command issued from UI.	process.switchAPA( "US_APA_1" )	float argument required, not NoneType	<type 'exceptions.TypeError'>	float argument required, not NoneType	['  File "main.py", line 84, in commandHandler\n    result = eval( command )\n', '  File "<string>", line 1, in <module>\n', '  File "C:\\DUNE\\dune_winder\\src\\winder\\Control\\Control\\Process.py", line 698, in switchAPA\n    False\n', '  File "C:\\DUNE\\dune_winder\\src\\winder\\Control\\Control\\AnodePlaneArray.py", line 56, in __init__\n    AnodePlaneArray.activeAPA.close()\n', '  File "C:\\DUNE\\dune_winder\\src\\winder\\Control\\Control\\AnodePlaneArray.py", line 308, in close\n    self._gCodeHandler._headPosition\n', '  File "C:\\DUNE\\dune_winder\\src\\winder\\Control\\Control\\APA_Base.py", line 231, in setLocation\n    print("$$$$$ APA_Base.setLocation SETTING X: %f Y: %f" %(self._x, self._y))\n']
2024-01-02 17:51:37.287000	Main	commandHandler	Invalid command issued from UI.	process.switchAPA( "Wood APA" )	float argument required, not NoneType	<type 'exceptions.TypeError'>	float argument required, not NoneType	['  File "main.py", line 84, in commandHandler\n    result = eval( command )\n', '  File "<string>", line 1, in <module>\n', '  File "C:\\DUNE\\dune_winder\\src\\winder\\Control\\Control\\Process.py", line 698, in switchAPA\n    False\n', '  File "C:\\DUNE\\dune_winder\\src\\winder\\Control\\Control\\AnodePlaneArray.py", line 56, in __init__\n    AnodePlaneArray.activeAPA.close()\n', '  File "C:\\DUNE\\dune_winder\\src\\winder\\Control\\Control\\AnodePlaneArray.py", line 308, in close\n    self._gCodeHandler._headPosition\n', '  File "C:\\DUNE\\dune_winder\\src\\winder\\Control\\Control\\APA_Base.py", line 231, in setLocation\n    print("$$$$$ APA_Base.setLocation SETTING X: %f Y: %f" %(self._x, self._y))\n']
2024-01-02 17:51:44.877000	Main	commandHandler	Invalid command issued from UI.	process.switchAPA( "Wood APA" )	float argument required, not NoneType	<type 'exceptions.TypeError'>	float argument required, not NoneType	['  File "main.py", line 84, in commandHandler\n    result = eval( command )\n', '  File "<string>", line 1, in <module>\n', '  File "C:\\DUNE\\dune_winder\\src\\winder\\Control\\Control\\Process.py", line 698, in switchAPA\n    False\n', '  File "C:\\DUNE\\dune_winder\\src\\winder\\Control\\Control\\AnodePlaneArray.py", line 56, in __init__\n    AnodePlaneArray.activeAPA.close()\n', '  File "C:\\DUNE\\dune_winder\\src\\winder\\Control\\Control\\AnodePlaneArray.py", line 308, in close\n    self._gCodeHandler._headPosition\n', '  File "C:\\DUNE\\dune_winder\\src\\winder\\Control\\Control\\APA_Base.py", line 231, in setLocation\n    print("$$$$$ APA_Base.setLocation SETTING X: %f Y: %f" %(self._x, self._y))\n']
2024-01-02 17:51:47.009000	Main	commandHandler	Invalid command issued from UI.	process.switchAPA( "US_APA_1" )	float argument required, not NoneType	<type 'exceptions.TypeError'>	float argument required, not NoneType	['  File "main.py", line 84, in commandHandler\n    result = eval( command )\n', '  File "<string>", line 1, in <module>\n', '  File "C:\\DUNE\\dune_winder\\src\\winder\\Control\\Control\\Process.py", line 698, in switchAPA\n    False\n', '  File "C:\\DUNE\\dune_winder\\src\\winder\\Control\\Control\\AnodePlaneArray.py", line 56, in __init__\n    AnodePlaneArray.activeAPA.close()\n', '  File "C:\\DUNE\\dune_winder\\src\\winder\\Control\\Control\\AnodePlaneArray.py", line 308, in close\n    self._gCodeHandler._headPosition\n', '  File "C:\\DUNE\\dune_winder\\src\\winder\\Control\\Control\\APA_Base.py", line 231, in setLocation\n    print("$$$$$ APA_Base.setLocation SETTING X: %f Y: %f" %(self._x, self._y))\n']
2024-01-02 17:51:48.615000	Main	commandHandler	Invalid command issued from UI.	process.apa.loadRecipe( "null", "Handoff_test.gc", -1 )	'NoneType' object has no attribute 'loadRecipe'	<type 'exceptions.AttributeError'>	'NoneType' object has no attribute 'loadRecipe'	['  File "main.py", line 84, in commandHandler\n    result = eval( command )\n', '  File "<string>", line 1, in <module>\n']
2024-01-02 17:51:53.007000	Main	commandHandler	Invalid command issued from UI.	process.switchAPA( "Wood APA" )	float argument required, not NoneType	<type 'exceptions.TypeError'>	float argument required, not NoneType	['  File "main.py", line 84, in commandHandler\n    result = eval( command )\n', '  File "<string>", line 1, in <module>\n', '  File "C:\\DUNE\\dune_winder\\src\\winder\\Control\\Control\\Process.py", line 698, in switchAPA\n    False\n', '  File "C:\\DUNE\\dune_winder\\src\\winder\\Control\\Control\\AnodePlaneArray.py", line 56, in __init__\n    AnodePlaneArray.activeAPA.close()\n', '  File "C:\\DUNE\\dune_winder\\src\\winder\\Control\\Control\\AnodePlaneArray.py", line 308, in close\n    self._gCodeHandler._headPosition\n', '  File "C:\\DUNE\\dune_winder\\src\\winder\\Control\\Control\\APA_Base.py", line 231, in setLocation\n    print("$$$$$ APA_Base.setLocation SETTING X: %f Y: %f" %(self._x, self._y))\n']
2024-01-02 17:51:56.555000	Main	commandHandler	Invalid command issued from UI.	process.switchAPA( "Wood APA" )	float argument required, not NoneType	<type 'exceptions.TypeError'>	float argument required, not NoneType	['  File "main.py", line 84, in commandHandler\n    result = eval( command )\n', '  File "<string>", line 1, in <module>\n', '  File "C:\\DUNE\\dune_winder\\src\\winder\\Control\\Control\\Process.py", line 698, in switchAPA\n    False\n', '  File "C:\\DUNE\\dune_winder\\src\\winder\\Control\\Control\\AnodePlaneArray.py", line 56, in __init__\n    AnodePlaneArray.activeAPA.close()\n', '  File "C:\\DUNE\\dune_winder\\src\\winder\\Control\\Control\\AnodePlaneArray.py", line 308, in close\n    self._gCodeHandler._headPosition\n', '  File "C:\\DUNE\\dune_winder\\src\\winder\\Control\\Control\\APA_Base.py", line 231, in setLocation\n    print("$$$$$ APA_Base.setLocation SETTING X: %f Y: %f" %(self._x, self._y))\n']
2024-01-02 17:52:01.336000	Main	commandHandler	Invalid command issued from UI.	process.switchAPA( "Wood APA" )	float argument required, not NoneType	<type 'exceptions.TypeError'>	float argument required, not NoneType	['  File "main.py", line 84, in commandHandler\n    result = eval( command )\n', '  File "<string>", line 1, in <module>\n', '  File "C:\\DUNE\\dune_winder\\src\\winder\\Control\\Control\\Process.py", line 698, in switchAPA\n    False\n', '  File "C:\\DUNE\\dune_winder\\src\\winder\\Control\\Control\\AnodePlaneArray.py", line 56, in __init__\n    AnodePlaneArray.activeAPA.close()\n', '  File "C:\\DUNE\\dune_winder\\src\\winder\\Control\\Control\\AnodePlaneArray.py", line 308, in close\n    self._gCodeHandler._headPosition\n', '  File "C:\\DUNE\\dune_winder\\src\\winder\\Control\\Control\\APA_Base.py", line 231, in setLocation\n    print("$$$$$ APA_Base.setLocation SETTING X: %f Y: %f" %(self._x, self._y))\n']
2024-01-02 17:52:13.321000	Main	commandHandler	Invalid command issued from UI.	process.switchAPA( "Wood APA" )	float argument required, not NoneType	<type 'exceptions.TypeError'>	float argument required, not NoneType	['  File "main.py", line 84, in commandHandler\n    result = eval( command )\n', '  File "<string>", line 1, in <module>\n', '  File "C:\\DUNE\\dune_winder\\src\\winder\\Control\\Control\\Process.py", line 698, in switchAPA\n    False\n', '  File "C:\\DUNE\\dune_winder\\src\\winder\\Control\\Control\\AnodePlaneArray.py", line 56, in __init__\n    AnodePlaneArray.activeAPA.close()\n', '  File "C:\\DUNE\\dune_winder\\src\\winder\\Control\\Control\\AnodePlaneArray.py", line 308, in close\n    self._gCodeHandler._headPosition\n', '  File "C:\\DUNE\\dune_winder\\src\\winder\\Control\\Control\\APA_Base.py", line 231, in setLocation\n    print("$$$$$ APA_Base.setLocation SETTING X: %f Y: %f" %(self._x, self._y))\n']
2024-01-02 17:54:12.729000	Main	commandHandler	Invalid command issued from UI.	process.switchAPA( "Wood APA" )	float argument required, not NoneType	<type 'exceptions.TypeError'>	float argument required, not NoneType	['  File "main.py", line 84, in commandHandler\n    result = eval( command )\n', '  File "<string>", line 1, in <module>\n', '  File "C:\\DUNE\\dune_winder\\src\\winder\\Control\\Control\\Process.py", line 698, in switchAPA\n    False\n', '  File "C:\\DUNE\\dune_winder\\src\\winder\\Control\\Control\\AnodePlaneArray.py", line 56, in __init__\n    AnodePlaneArray.activeAPA.close()\n', '  File "C:\\DUNE\\dune_winder\\src\\winder\\Control\\Control\\AnodePlaneArray.py", line 308, in close\n    self._gCodeHandler._headPosition\n', '  File "C:\\DUNE\\dune_winder\\src\\winder\\Control\\Control\\APA_Base.py", line 231, in setLocation\n    print("$$$$$ APA_Base.setLocation SETTING X: %f Y: %f" %(self._x, self._y))\n']
2024-01-02 17:54:30.130000	Main	commandHandler	Invalid command issued from UI.	process.switchAPA( "Wood APA" )	float argument required, not NoneType	<type 'exceptions.TypeError'>	float argument required, not NoneType	['  File "main.py", line 84, in commandHandler\n    result = eval( command )\n', '  File "<string>", line 1, in <module>\n', '  File "C:\\DUNE\\dune_winder\\src\\winder\\Control\\Control\\Process.py", line 698, in switchAPA\n    False\n', '  File "C:\\DUNE\\dune_winder\\src\\winder\\Control\\Control\\AnodePlaneArray.py", line 56, in __init__\n    AnodePlaneArray.activeAPA.close()\n', '  File "C:\\DUNE\\dune_winder\\src\\winder\\Control\\Control\\AnodePlaneArray.py", line 308, in close\n    self._gCodeHandler._headPosition\n', '  File "C:\\DUNE\\dune_winder\\src\\winder\\Control\\Control\\APA_Base.py", line 231, in setLocation\n    print("$$$$$ APA_Base.setLocation SETTING X: %f Y: %f" %(self._x, self._y))\n']
2024-01-02 17:54:36.075000	Main	commandHandler	Invalid command issued from UI.	process.apa.loadRecipe( "X", "X-Layer_FULL.gc", -1 )	'NoneType' object has no attribute 'loadRecipe'	<type 'exceptions.AttributeError'>	'NoneType' object has no attribute 'loadRecipe'	['  File "main.py", line 84, in commandHandler\n    result = eval( command )\n', '  File "<string>", line 1, in <module>\n']
2024-01-02 17:54:57.102000	Main	commandHandler	Invalid command issued from UI.	process.switchAPA( "US_APA_1" )	float argument required, not NoneType	<type 'exceptions.TypeError'>	float argument required, not NoneType	['  File "main.py", line 84, in commandHandler\n    result = eval( command )\n', '  File "<string>", line 1, in <module>\n', '  File "C:\\DUNE\\dune_winder\\src\\winder\\Control\\Control\\Process.py", line 698, in switchAPA\n    False\n', '  File "C:\\DUNE\\dune_winder\\src\\winder\\Control\\Control\\AnodePlaneArray.py", line 56, in __init__\n    AnodePlaneArray.activeAPA.close()\n', '  File "C:\\DUNE\\dune_winder\\src\\winder\\Control\\Control\\AnodePlaneArray.py", line 308, in close\n    self._gCodeHandler._headPosition\n', '  File "C:\\DUNE\\dune_winder\\src\\winder\\Control\\Control\\APA_Base.py", line 231, in setLocation\n    print("$$$$$ APA_Base.setLocation SETTING X: %f Y: %f" %(self._x, self._y))\n']
2024-01-02 17:55:00.114000	Main	commandHandler	Invalid command issued from UI.	process.switchAPA( "Wood APA" )	float argument required, not NoneType	<type 'exceptions.TypeError'>	float argument required, not NoneType	['  File "main.py", line 84, in commandHandler\n    result = eval( command )\n', '  File "<string>", line 1, in <module>\n', '  File "C:\\DUNE\\dune_winder\\src\\winder\\Control\\Control\\Process.py", line 698, in switchAPA\n    False\n', '  File "C:\\DUNE\\dune_winder\\src\\winder\\Control\\Control\\AnodePlaneArray.py", line 56, in __init__\n    AnodePlaneArray.activeAPA.close()\n', '  File "C:\\DUNE\\dune_winder\\src\\winder\\Control\\Control\\AnodePlaneArray.py", line 308, in close\n    self._gCodeHandler._headPosition\n', '  File "C:\\DUNE\\dune_winder\\src\\winder\\Control\\Control\\APA_Base.py", line 231, in setLocation\n    print("$$$$$ APA_Base.setLocation SETTING X: %f Y: %f" %(self._x, self._y))\n']
2024-01-02 17:55:05.995000	Main	commandHandler	Invalid command issued from UI.	process.switchAPA( "Wood APA" )	float argument required, not NoneType	<type 'exceptions.TypeError'>	float argument required, not NoneType	['  File "main.py", line 84, in commandHandler\n    result = eval( command )\n', '  File "<string>", line 1, in <module>\n', '  File "C:\\DUNE\\dune_winder\\src\\winder\\Control\\Control\\Process.py", line 698, in switchAPA\n    False\n', '  File "C:\\DUNE\\dune_winder\\src\\winder\\Control\\Control\\AnodePlaneArray.py", line 56, in __init__\n    AnodePlaneArray.activeAPA.close()\n', '  File "C:\\DUNE\\dune_winder\\src\\winder\\Control\\Control\\AnodePlaneArray.py", line 308, in close\n    self._gCodeHandler._headPosition\n', '  File "C:\\DUNE\\dune_winder\\src\\winder\\Control\\Control\\APA_Base.py", line 231, in setLocation\n    print("$$$$$ APA_Base.setLocation SETTING X: %f Y: %f" %(self._x, self._y))\n']
2024-01-02 17:57:09.953000	AnodePlaneArray	LOAD	Loaded APA called US_APA_1	US_APA_1
2024-01-02 17:57:10.325000	AnodePlaneArray	LOAD	Loaded calibration file V_Calibration.xml.	V_Calibration.xml	A2A-1A6-DE90
2024-01-02 17:57:10.345000	AnodePlaneArray	GCODE	Loaded G-Code file V-Layer_DL_Mod_26_04_2023 - MOD - PINHEIGHTOFFSET.gc, active layer V, starting at line 222	V-Layer_DL_Mod_26_04_2023 - MOD - PINHEIGHTOFFSET.gc	V	222	V Layer	9EE-7E3-6CC5
2024-01-02 17:57:12.768000	AnodePlaneArray	LOAD	Loaded calibration file V_Calibration.xml.	V_Calibration.xml	A2A-1A6-DE90
2024-01-02 17:57:12.781000	AnodePlaneArray	GCODE	Loaded G-Code file X-Layer_FULL.gc, active layer V, starting at line -1	X-Layer_FULL.gc	V	-1	X Layer first half start on front	7F4-9DD-B9CB
2024-01-02 17:57:25.014000	AnodePlaneArray	CLOSE	Closing APA Wood APA, X-Layer_FULL.gc:-1 after 15.061s	Wood APA	X-Layer_FULL.gc	-1	15.061
2024-01-02 17:57:27.244000	AnodePlaneArray	LOAD	Loaded APA called US_APA_1	US_APA_1
2024-01-02 17:57:27.655000	AnodePlaneArray	LOAD	Loaded calibration file V_Calibration.xml.	V_Calibration.xml	A2A-1A6-DE90
2024-01-02 17:57:27.676000	AnodePlaneArray	GCODE	Loaded G-Code file V-Layer_DL_Mod_26_04_2023 - MOD - PINHEIGHTOFFSET.gc, active layer V, starting at line 222	V-Layer_DL_Mod_26_04_2023 - MOD - PINHEIGHTOFFSET.gc	V	222	V Layer	9EE-7E3-6CC5
2024-01-02 17:57:34.226000	AnodePlaneArray	CLOSE	Closing APA Wood APA, V-Layer_DL_Mod_26_04_2023 - MOD - PINHEIGHTOFFSET.gc:222 after 6.982s	Wood APA	V-Layer_DL_Mod_26_04_2023 - MOD - PINHEIGHTOFFSET.gc	222	6.982
2024-01-02 17:57:34.226000	AnodePlaneArray	LOAD	Loaded APA called US_APA_1	US_APA_1
2024-01-02 17:57:34.633000	AnodePlaneArray	LOAD	Loaded calibration file V_Calibration.xml.	V_Calibration.xml	A2A-1A6-DE90
2024-01-02 17:57:34.656000	AnodePlaneArray	GCODE	Loaded G-Code file V-Layer_DL_Mod_26_04_2023 - MOD - PINHEIGHTOFFSET.gc, active layer V, starting at line 222	V-Layer_DL_Mod_26_04_2023 - MOD - PINHEIGHTOFFSET.gc	V	222	V Layer	9EE-7E3-6CC5
2024-01-02 17:57:41.262000	AnodePlaneArray	CLOSE	Closing APA Wood APA, V-Layer_DL_Mod_26_04_2023 - MOD - PINHEIGHTOFFSET.gc:222 after 7.036s	Wood APA	V-Layer_DL_Mod_26_04_2023 - MOD - PINHEIGHTOFFSET.gc	222	7.036
2024-01-02 17:57:41.263000	AnodePlaneArray	LOAD	Loaded APA called US_APA_1	US_APA_1
2024-01-02 17:57:41.651000	AnodePlaneArray	LOAD	Loaded calibration file V_Calibration.xml.	V_Calibration.xml	A2A-1A6-DE90
2024-01-02 17:57:41.674000	AnodePlaneArray	GCODE	Loaded G-Code file V-Layer_DL_Mod_26_04_2023 - MOD - PINHEIGHTOFFSET.gc, active layer V, starting at line 222	V-Layer_DL_Mod_26_04_2023 - MOD - PINHEIGHTOFFSET.gc	V	222	V Layer	9EE-7E3-6CC5
2024-01-02 17:57:56.895000	AnodePlaneArray	LOAD	Loaded calibration file V_Calibration.xml.	V_Calibration.xml	A2A-1A6-DE90
2024-01-02 17:57:56.904000	AnodePlaneArray	GCODE	Loaded G-Code file X-Layer_FULL.gc, active layer V, starting at line -1	X-Layer_FULL.gc	V	-1	X Layer first half start on front	7F4-9DD-B9CB
2024-01-02 17:58:00.740000	AnodePlaneArray	CLOSE	Closing APA Wood APA, X-Layer_FULL.gc:-1 after 19.477s	Wood APA	X-Layer_FULL.gc	-1	19.477
2024-01-02 17:58:00.741000	AnodePlaneArray	LOAD	Loaded APA called US_APA_1	US_APA_1
2024-01-02 17:58:01.120000	AnodePlaneArray	LOAD	Loaded calibration file V_Calibration.xml.	V_Calibration.xml	A2A-1A6-DE90
2024-01-02 17:58:01.141000	AnodePlaneArray	GCODE	Loaded G-Code file V-Layer_DL_Mod_26_04_2023 - MOD - PINHEIGHTOFFSET.gc, active layer V, starting at line 222	V-Layer_DL_Mod_26_04_2023 - MOD - PINHEIGHTOFFSET.gc	V	222	V Layer	9EE-7E3-6CC5
2024-01-02 17:58:03.448000	AnodePlaneArray	CLOSE	Closing APA Wood APA, V-Layer_DL_Mod_26_04_2023 - MOD - PINHEIGHTOFFSET.gc:222 after 2.708s	Wood APA	V-Layer_DL_Mod_26_04_2023 - MOD - PINHEIGHTOFFSET.gc	222	2.708
2024-01-02 17:58:03.448000	AnodePlaneArray	LOAD	Loaded APA called US_APA_1	US_APA_1
2024-01-02 17:58:03.866000	AnodePlaneArray	LOAD	Loaded calibration file V_Calibration.xml.	V_Calibration.xml	A2A-1A6-DE90
2024-01-02 17:58:03.893000	AnodePlaneArray	GCODE	Loaded G-Code file V-Layer_DL_Mod_26_04_2023 - MOD - PINHEIGHTOFFSET.gc, active layer V, starting at line 222	V-Layer_DL_Mod_26_04_2023 - MOD - PINHEIGHTOFFSET.gc	V	222	V Layer	9EE-7E3-6CC5
2024-01-02 17:58:10.870000	AnodePlaneArray	LOAD	Loaded calibration file V_Calibration.xml.	V_Calibration.xml	A2A-1A6-DE90
2024-01-02 17:58:10.876000	AnodePlaneArray	GCODE	Loaded G-Code file X-Layer_FULL.gc, active layer V, starting at line -1	X-Layer_FULL.gc	V	-1	X Layer first half start on front	7F4-9DD-B9CB
2024-01-02 17:58:13.146000	Process	LINE	G-Code line changed from -1 to 0	-1	0
2024-01-02 17:58:15.792000	AnodePlaneArray	CLOSE	Closing APA Wood APA, X-Layer_FULL.gc:0 after 12.344s	Wood APA	X-Layer_FULL.gc	0	12.344
2024-01-02 17:58:32.653000	AnodePlaneArray	LOAD	Loaded APA called US_APA_1	US_APA_1
2024-01-02 17:58:33.058000	AnodePlaneArray	LOAD	Loaded calibration file V_Calibration.xml.	V_Calibration.xml	A2A-1A6-DE90
2024-01-02 17:58:33.079000	AnodePlaneArray	GCODE	Loaded G-Code file V-Layer_DL_Mod_26_04_2023 - MOD - PINHEIGHTOFFSET.gc, active layer V, starting at line 222	V-Layer_DL_Mod_26_04_2023 - MOD - PINHEIGHTOFFSET.gc	V	222	V Layer	9EE-7E3-6CC5
2024-01-02 17:58:53.236000	AnodePlaneArray	STAGE	APA stage change from 2 to 1.  Reason: 	2	1	
2024-01-02 17:58:53.242000	AnodePlaneArray	LOAD	Loaded calibration file X_Calibration.xml.	X_Calibration.xml	75A-635-F98D
2024-01-02 17:58:53.243000	Main	commandHandler	Invalid command issued from UI.	process.setStage( 1, "" )	[Errno 2] No such file or directory: u'../Recipes/X-Layer_1.gc'	<type 'exceptions.IOError'>	[Errno 2] No such file or directory: u'../Recipes/X-Layer_1.gc'	['  File "main.py", line 84, in commandHandler\n    result = eval( command )\n', '  File "<string>", line 1, in <module>\n', '  File "C:\\DUNE\\dune_winder\\src\\winder\\Control\\Control\\Process.py", line 311, in setStage\n    self.apa.loadRecipe( layer, recipe )\n', '  File "C:\\DUNE\\dune_winder\\src\\winder\\Control\\Control\\AnodePlaneArray.py", line 185, in loadRecipe\n    Recipe( self._recipeDirectory + "/" + self._recipeFile, self._recipeArchiveDirectory )\n', '  File "C:\\DUNE\\dune_winder\\src\\winder\\Control\\Library\\Recipe.py", line 42, in __init__\n    with open( fileName ) as inputFile :\n']
2024-01-02 17:59:00.227000	AnodePlaneArray	LOAD	Loaded calibration file X_Calibration.xml.	X_Calibration.xml	75A-635-F98D
2024-01-02 17:59:00.235000	AnodePlaneArray	GCODE	Loaded G-Code file X-Layer_FULL.gc, active layer X, starting at line -1	X-Layer_FULL.gc	X	-1	X Layer first half start on front	7F4-9DD-B9CB
2024-01-02 17:59:03.564000	Process	LINE	G-Code line changed from -1 to 0	-1	0
2024-01-02 17:59:07.703000	AnodePlaneArray	CLOSE	Closing APA Wood APA, X-Layer_FULL.gc:0 after 35.051s	Wood APA	X-Layer_FULL.gc	0	35.051
2024-01-02 17:59:14.602000	AnodePlaneArray	LOAD	Loaded APA called US_APA_1	US_APA_1
2024-01-02 17:59:14.996000	AnodePlaneArray	LOAD	Loaded calibration file V_Calibration.xml.	V_Calibration.xml	A2A-1A6-DE90
2024-01-02 17:59:15.016000	AnodePlaneArray	GCODE	Loaded G-Code file V-Layer_DL_Mod_26_04_2023 - MOD - PINHEIGHTOFFSET.gc, active layer V, starting at line 222	V-Layer_DL_Mod_26_04_2023 - MOD - PINHEIGHTOFFSET.gc	V	222	V Layer	9EE-7E3-6CC5
2024-01-02 17:59:20.822000	AnodePlaneArray	CLOSE	Closing APA Wood APA, V-Layer_DL_Mod_26_04_2023 - MOD - PINHEIGHTOFFSET.gc:222 after 6.220s	Wood APA	V-Layer_DL_Mod_26_04_2023 - MOD - PINHEIGHTOFFSET.gc	222	6.22
2024-01-02 17:59:20.823000	AnodePlaneArray	LOAD	Loaded APA called US_APA_1	US_APA_1
2024-01-02 17:59:21.203000	AnodePlaneArray	LOAD	Loaded calibration file V_Calibration.xml.	V_Calibration.xml	A2A-1A6-DE90
2024-01-02 17:59:21.225000	AnodePlaneArray	GCODE	Loaded G-Code file V-Layer_DL_Mod_26_04_2023 - MOD - PINHEIGHTOFFSET.gc, active layer V, starting at line 222	V-Layer_DL_Mod_26_04_2023 - MOD - PINHEIGHTOFFSET.gc	V	222	V Layer	9EE-7E3-6CC5
2024-01-02 17:59:24.339000	AnodePlaneArray	LOAD	Loaded calibration file V_Calibration.xml.	V_Calibration.xml	A2A-1A6-DE90
2024-01-02 17:59:24.346000	AnodePlaneArray	GCODE	Loaded G-Code file X-Layer_FULL.gc, active layer V, starting at line -1	X-Layer_FULL.gc	V	-1	X Layer first half start on front	7F4-9DD-B9CB
2024-01-02 17:59:34.299000	Process	LINE	G-Code line changed from -1 to 0	-1	0
2024-01-02 17:59:36.023000	AnodePlaneArray	CLOSE	Closing APA Wood APA, X-Layer_FULL.gc:0 after 15.201s	Wood APA	X-Layer_FULL.gc	0	15.201
2024-01-02 17:59:40.321000	AnodePlaneArray	LOAD	Loaded APA called Wood APA	Wood APA
2024-01-02 17:59:40.741000	AnodePlaneArray	LOAD	Loaded calibration file V_Calibration.xml.	V_Calibration.xml	A2A-1A6-DE90
2024-01-02 17:59:40.748000	AnodePlaneArray	GCODE	Loaded G-Code file X-Layer_FULL.gc, active layer V, starting at line 0	X-Layer_FULL.gc	V	0	X Layer first half start on front	7F4-9DD-B9CB
2024-01-02 18:03:00.385000	AnodePlaneArray	CLOSE	Closing APA Wood APA, X-Layer_FULL.gc:0 after 3m 20.065s	Wood APA	X-Layer_FULL.gc	0	200.065
2024-01-02 18:03:00.386000	AnodePlaneArray	LOAD	Loaded APA called US_APA_1	US_APA_1
2024-01-02 18:03:00.782000	AnodePlaneArray	LOAD	Loaded calibration file V_Calibration.xml.	V_Calibration.xml	A2A-1A6-DE90
2024-01-02 18:03:00.788000	AnodePlaneArray	GCODE	Loaded G-Code file X-Layer_FULL.gc, active layer V, starting at line 0	X-Layer_FULL.gc	V	0	X Layer first half start on front	7F4-9DD-B9CB
2024-01-02 18:03:05.785000	AnodePlaneArray	CLOSE	Closing APA Wood APA, X-Layer_FULL.gc:0 after 5.399s	Wood APA	X-Layer_FULL.gc	0	5.399
2024-01-02 18:03:05.786000	AnodePlaneArray	LOAD	Loaded APA called US_APA_1	US_APA_1
2024-01-02 18:03:06.192000	AnodePlaneArray	LOAD	Loaded calibration file V_Calibration.xml.	V_Calibration.xml	A2A-1A6-DE90
2024-01-02 18:03:06.197000	AnodePlaneArray	GCODE	Loaded G-Code file X-Layer_FULL.gc, active layer V, starting at line 0	X-Layer_FULL.gc	V	0	X Layer first half start on front	7F4-9DD-B9CB
2024-01-02 18:03:08.232000	AnodePlaneArray	CLOSE	Closing APA Wood APA, X-Layer_FULL.gc:0 after 2.446s	Wood APA	X-Layer_FULL.gc	0	2.446
2024-01-02 18:03:08.233000	AnodePlaneArray	LOAD	Loaded APA called US_APA_1	US_APA_1
2024-01-02 18:03:08.621000	AnodePlaneArray	LOAD	Loaded calibration file V_Calibration.xml.	V_Calibration.xml	A2A-1A6-DE90
2024-01-02 18:03:08.629000	AnodePlaneArray	GCODE	Loaded G-Code file X-Layer_FULL.gc, active layer V, starting at line 0	X-Layer_FULL.gc	V	0	X Layer first half start on front	7F4-9DD-B9CB
2024-01-02 18:03:11.914000	AnodePlaneArray	CLOSE	Closing APA Wood APA, X-Layer_FULL.gc:0 after 3.681s	Wood APA	X-Layer_FULL.gc	0	3.681
2024-01-02 18:03:11.916000	AnodePlaneArray	LOAD	Loaded APA called US_APA_1	US_APA_1
2024-01-02 18:03:12.290000	AnodePlaneArray	LOAD	Loaded calibration file V_Calibration.xml.	V_Calibration.xml	A2A-1A6-DE90
2024-01-02 18:03:12.296000	AnodePlaneArray	GCODE	Loaded G-Code file X-Layer_FULL.gc, active layer V, starting at line 0	X-Layer_FULL.gc	V	0	X Layer first half start on front	7F4-9DD-B9CB
2024-01-02 18:03:13.649000	AnodePlaneArray	CLOSE	Closing APA Wood APA, X-Layer_FULL.gc:0 after 1.733s	Wood APA	X-Layer_FULL.gc	0	1.733
2024-01-02 18:03:13.649000	AnodePlaneArray	LOAD	Loaded APA called US_APA_1	US_APA_1
2024-01-02 18:03:14.055000	AnodePlaneArray	LOAD	Loaded calibration file V_Calibration.xml.	V_Calibration.xml	A2A-1A6-DE90
2024-01-02 18:03:14.065000	AnodePlaneArray	GCODE	Loaded G-Code file X-Layer_FULL.gc, active layer V, starting at line 0	X-Layer_FULL.gc	V	0	X Layer first half start on front	7F4-9DD-B9CB
2024-01-02 18:04:15.409000	AnodePlaneArray	CLOSE	Closing APA Wood APA, X-Layer_FULL.gc:0 after 1m 1.760s	Wood APA	X-Layer_FULL.gc	0	61.76
2024-01-02 18:04:15.409000	AnodePlaneArray	LOAD	Loaded APA called US_APA_1	US_APA_1
2024-01-02 18:04:15.799000	AnodePlaneArray	LOAD	Loaded calibration file V_Calibration.xml.	V_Calibration.xml	A2A-1A6-DE90
2024-01-02 18:04:15.805000	AnodePlaneArray	GCODE	Loaded G-Code file X-Layer_FULL.gc, active layer V, starting at line 0	X-Layer_FULL.gc	V	0	X Layer first half start on front	7F4-9DD-B9CB
2024-01-02 18:04:47.262000	AnodePlaneArray	STAGE	APA stage change from 3 to 1.  Reason: 	3	1	
2024-01-02 18:04:47.269000	AnodePlaneArray	LOAD	Loaded calibration file X_Calibration.xml.	X_Calibration.xml	75A-635-F98D
2024-01-02 18:04:47.270000	Main	commandHandler	Invalid command issued from UI.	process.setStage( 1, "" )	[Errno 2] No such file or directory: u'../Recipes/X-Layer_1.gc'	<type 'exceptions.IOError'>	[Errno 2] No such file or directory: u'../Recipes/X-Layer_1.gc'	['  File "main.py", line 84, in commandHandler\n    result = eval( command )\n', '  File "<string>", line 1, in <module>\n', '  File "C:\\DUNE\\dune_winder\\src\\winder\\Control\\Control\\Process.py", line 311, in setStage\n    self.apa.loadRecipe( layer, recipe )\n', '  File "C:\\DUNE\\dune_winder\\src\\winder\\Control\\Control\\AnodePlaneArray.py", line 185, in loadRecipe\n    Recipe( self._recipeDirectory + "/" + self._recipeFile, self._recipeArchiveDirectory )\n', '  File "C:\\DUNE\\dune_winder\\src\\winder\\Control\\Library\\Recipe.py", line 42, in __init__\n    with open( fileName ) as inputFile :\n']
2024-01-02 18:04:53.185000	AnodePlaneArray	LOAD	Loaded calibration file X_Calibration.xml.	X_Calibration.xml	75A-635-F98D
2024-01-02 18:04:53.202000	AnodePlaneArray	GCODE	Loaded G-Code file X-Layer_FULL.gc, active layer X, starting at line -1	X-Layer_FULL.gc	X	-1	X Layer first half start on front	7F4-9DD-B9CB
2024-01-02 18:04:56.304000	AnodePlaneArray	CLOSE	Closing APA Wood APA, X-Layer_FULL.gc:-1 after 40.895s	Wood APA	X-Layer_FULL.gc	-1	40.895
2024-01-02 18:04:56.304000	AnodePlaneArray	LOAD	Loaded APA called US_APA_1	US_APA_1
2024-01-02 18:04:56.995000	AnodePlaneArray	LOAD	Loaded calibration file V_Calibration.xml.	V_Calibration.xml	A2A-1A6-DE90
2024-01-02 18:04:57.005000	AnodePlaneArray	GCODE	Loaded G-Code file X-Layer_FULL.gc, active layer V, starting at line 0	X-Layer_FULL.gc	V	0	X Layer first half start on front	7F4-9DD-B9CB
2024-01-02 18:05:11.941000	AnodePlaneArray	STAGE	APA stage change from 3 to 1.  Reason: 	3	1	
2024-01-02 18:05:11.944000	AnodePlaneArray	LOAD	Loaded calibration file X_Calibration.xml.	X_Calibration.xml	75A-635-F98D
2024-01-02 18:05:11.945000	Main	commandHandler	Invalid command issued from UI.	process.setStage( 1, "" )	[Errno 2] No such file or directory: u'../Recipes/X-Layer_1.gc'	<type 'exceptions.IOError'>	[Errno 2] No such file or directory: u'../Recipes/X-Layer_1.gc'	['  File "main.py", line 84, in commandHandler\n    result = eval( command )\n', '  File "<string>", line 1, in <module>\n', '  File "C:\\DUNE\\dune_winder\\src\\winder\\Control\\Control\\Process.py", line 311, in setStage\n    self.apa.loadRecipe( layer, recipe )\n', '  File "C:\\DUNE\\dune_winder\\src\\winder\\Control\\Control\\AnodePlaneArray.py", line 185, in loadRecipe\n    Recipe( self._recipeDirectory + "/" + self._recipeFile, self._recipeArchiveDirectory )\n', '  File "C:\\DUNE\\dune_winder\\src\\winder\\Control\\Library\\Recipe.py", line 42, in __init__\n    with open( fileName ) as inputFile :\n']
2024-01-02 18:05:17.610000	AnodePlaneArray	LOAD	Loaded calibration file X_Calibration.xml.	X_Calibration.xml	75A-635-F98D
2024-01-02 18:05:17.621000	AnodePlaneArray	GCODE	Loaded G-Code file X-Layer_FULL.gc, active layer X, starting at line -1	X-Layer_FULL.gc	X	-1	X Layer first half start on front	7F4-9DD-B9CB
2024-01-02 18:05:23.960000	AnodePlaneArray	CLOSE	Closing APA Wood APA, X-Layer_FULL.gc:-1 after 27.656s	Wood APA	X-Layer_FULL.gc	-1	27.656
2024-01-02 18:05:26.730000	AnodePlaneArray	LOAD	Loaded APA called Wood APA	Wood APA
2024-01-02 18:05:26.739000	AnodePlaneArray	LOAD	Loaded calibration file X_Calibration.xml.	X_Calibration.xml	75A-635-F98D
2024-01-02 18:05:26.766000	AnodePlaneArray	GCODE	Loaded G-Code file X-Layer_FULL.gc, active layer X, starting at line -1	X-Layer_FULL.gc	X	-1	X Layer first half start on front	7F4-9DD-B9CB
2024-01-02 18:05:29.539000	AnodePlaneArray	CLOSE	Closing APA Wood APA, X-Layer_FULL.gc:-1 after 2.810s	Wood APA	X-Layer_FULL.gc	-1	2.81
2024-01-02 18:05:29.540000	AnodePlaneArray	LOAD	Loaded APA called US_APA_1	US_APA_1
2024-01-02 18:05:30.221000	AnodePlaneArray	LOAD	Loaded calibration file V_Calibration.xml.	V_Calibration.xml	A2A-1A6-DE90
2024-01-02 18:05:30.234000	AnodePlaneArray	GCODE	Loaded G-Code file X-Layer_FULL.gc, active layer V, starting at line 0	X-Layer_FULL.gc	V	0	X Layer first half start on front	7F4-9DD-B9CB
2024-01-02 18:05:49.480000	AnodePlaneArray	STAGE	APA stage change from 3 to 1.  Reason: 	3	1	
2024-01-02 18:05:49.493000	AnodePlaneArray	LOAD	Loaded calibration file X_Calibration.xml.	X_Calibration.xml	75A-635-F98D
2024-01-02 18:05:49.494000	Main	commandHandler	Invalid command issued from UI.	process.setStage( 1, "" )	[Errno 2] No such file or directory: u'../Recipes/X-Layer_1.gc'	<type 'exceptions.IOError'>	[Errno 2] No such file or directory: u'../Recipes/X-Layer_1.gc'	['  File "main.py", line 84, in commandHandler\n    result = eval( command )\n', '  File "<string>", line 1, in <module>\n', '  File "C:\\DUNE\\dune_winder\\src\\winder\\Control\\Control\\Process.py", line 311, in setStage\n    self.apa.loadRecipe( layer, recipe )\n', '  File "C:\\DUNE\\dune_winder\\src\\winder\\Control\\Control\\AnodePlaneArray.py", line 185, in loadRecipe\n    Recipe( self._recipeDirectory + "/" + self._recipeFile, self._recipeArchiveDirectory )\n', '  File "C:\\DUNE\\dune_winder\\src\\winder\\Control\\Library\\Recipe.py", line 42, in __init__\n    with open( fileName ) as inputFile :\n']
2024-01-02 18:05:59.428000	AnodePlaneArray	LOAD	Loaded calibration file X_Calibration.xml.	X_Calibration.xml	75A-635-F98D
2024-01-02 18:05:59.441000	AnodePlaneArray	GCODE	Loaded G-Code file X-Layer_FULL.gc, active layer X, starting at line -1	X-Layer_FULL.gc	X	-1	X Layer first half start on front	7F4-9DD-B9CB
2024-01-02 18:06:11.631000	AnodePlaneArray	CLOSE	Closing APA Wood APA, X-Layer_FULL.gc:-1 after 42.092s	Wood APA	X-Layer_FULL.gc	-1	42.092
2024-01-02 18:06:11.632000	AnodePlaneArray	LOAD	Loaded APA called US_APA_1	US_APA_1
2024-01-02 18:06:12.364000	AnodePlaneArray	LOAD	Loaded calibration file V_Calibration.xml.	V_Calibration.xml	A2A-1A6-DE90
2024-01-02 18:06:12.374000	AnodePlaneArray	GCODE	Loaded G-Code file X-Layer_FULL.gc, active layer V, starting at line 0	X-Layer_FULL.gc	V	0	X Layer first half start on front	7F4-9DD-B9CB
2024-01-02 18:07:52.455000	AnodePlaneArray	CLOSE	Closing APA Wood APA, X-Layer_FULL.gc:0 after 1m 40.823s	Wood APA	X-Layer_FULL.gc	0	100.823
2024-01-02 18:07:52.456000	AnodePlaneArray	LOAD	Loaded APA called US_APA_1	US_APA_1
2024-01-02 18:07:52.460000	Main	commandHandler	Invalid command issued from UI.	process.switchAPA( "US_APA_1" )	[Errno 2] No such file or directory: u'../Data/APA/US_APA_1//V_Calibration.xml'	<type 'exceptions.IOError'>	[Errno 2] No such file or directory: u'../Data/APA/US_APA_1//V_Calibration.xml'	['  File "main.py", line 84, in commandHandler\n    result = eval( command )\n', '  File "<string>", line 1, in <module>\n', '  File "C:\\DUNE\\dune_winder\\src\\winder\\Control\\Control\\Process.py", line 698, in switchAPA\n    False\n', '  File "C:\\DUNE\\dune_winder\\src\\winder\\Control\\Control\\AnodePlaneArray.py", line 76, in __init__\n    self.load()\n', '  File "C:\\DUNE\\dune_winder\\src\\winder\\Control\\Control\\AnodePlaneArray.py", line 246, in load\n    self.loadRecipe( self._layer )\n', '  File "C:\\DUNE\\dune_winder\\src\\winder\\Control\\Control\\AnodePlaneArray.py", line 129, in loadRecipe\n    self._calibration.load( self.getPath(), self._calibrationFile )\n', '  File "C:\\DUNE\\dune_winder\\src\\winder\\Control\\Machine\\LayerCalibration.py", line 184, in load\n    HashedSerializable.load( self, filePath, fileName, nameOverride, exceptionForMismatch )\n', '  File "C:\\DUNE\\dune_winder\\src\\winder\\Control\\Library\\HashedSerializable.py", line 108, in load\n    Serializable.load( self, filePath, fileName, nameOverride )\n', '  File "C:\\DUNE\\dune_winder\\src\\winder\\Control\\Library\\Serializable.py", line 306, in load\n    xmlDocument = xml.dom.minidom.parse( fullName )\n', '  File "C:\\ProgramData\\anaconda3\\envs\\DunePy27\\lib\\xml\\dom\\minidom.py", line 1918, in parse\n    return expatbuilder.parse(file)\n', '  File "C:\\ProgramData\\anaconda3\\envs\\DunePy27\\lib\\xml\\dom\\expatbuilder.py", line 922, in parse\n    fp = open(file, \'rb\')\n']
2024-01-02 18:07:54.246000	AnodePlaneArray	CLOSE	Closing APA US_APA_1, X-Layer_FULL.gc:0 after 1.790s	US_APA_1	X-Layer_FULL.gc	0	1.79
2024-01-02 18:07:54.247000	AnodePlaneArray	LOAD	Loaded APA called US_APA_1	US_APA_1
2024-01-02 18:07:54.253000	Main	commandHandler	Invalid command issued from UI.	process.switchAPA( "US_APA_1" )	[Errno 2] No such file or directory: u'../Data/APA/US_APA_1//V_Calibration.xml'	<type 'exceptions.IOError'>	[Errno 2] No such file or directory: u'../Data/APA/US_APA_1//V_Calibration.xml'	['  File "main.py", line 84, in commandHandler\n    result = eval( command )\n', '  File "<string>", line 1, in <module>\n', '  File "C:\\DUNE\\dune_winder\\src\\winder\\Control\\Control\\Process.py", line 698, in switchAPA\n    False\n', '  File "C:\\DUNE\\dune_winder\\src\\winder\\Control\\Control\\AnodePlaneArray.py", line 76, in __init__\n    self.load()\n', '  File "C:\\DUNE\\dune_winder\\src\\winder\\Control\\Control\\AnodePlaneArray.py", line 246, in load\n    self.loadRecipe( self._layer )\n', '  File "C:\\DUNE\\dune_winder\\src\\winder\\Control\\Control\\AnodePlaneArray.py", line 129, in loadRecipe\n    self._calibration.load( self.getPath(), self._calibrationFile )\n', '  File "C:\\DUNE\\dune_winder\\src\\winder\\Control\\Machine\\LayerCalibration.py", line 184, in load\n    HashedSerializable.load( self, filePath, fileName, nameOverride, exceptionForMismatch )\n', '  File "C:\\DUNE\\dune_winder\\src\\winder\\Control\\Library\\HashedSerializable.py", line 108, in load\n    Serializable.load( self, filePath, fileName, nameOverride )\n', '  File "C:\\DUNE\\dune_winder\\src\\winder\\Control\\Library\\Serializable.py", line 306, in load\n    xmlDocument = xml.dom.minidom.parse( fullName )\n', '  File "C:\\ProgramData\\anaconda3\\envs\\DunePy27\\lib\\xml\\dom\\minidom.py", line 1918, in parse\n    return expatbuilder.parse(file)\n', '  File "C:\\ProgramData\\anaconda3\\envs\\DunePy27\\lib\\xml\\dom\\expatbuilder.py", line 922, in parse\n    fp = open(file, \'rb\')\n']
2024-01-02 18:08:26.900000	AnodePlaneArray	LOAD	Loaded APA called US_APA_1	US_APA_1
2024-01-02 18:08:26.902000	Main	commandHandler	Invalid command issued from UI.	process.switchAPA( "US_APA_1" )	[Errno 2] No such file or directory: u'../Data/APA/US_APA_1//V_Calibration.xml'	<type 'exceptions.IOError'>	[Errno 2] No such file or directory: u'../Data/APA/US_APA_1//V_Calibration.xml'	['  File "main.py", line 84, in commandHandler\n    result = eval( command )\n', '  File "<string>", line 1, in <module>\n', '  File "C:\\DUNE\\dune_winder\\src\\winder\\Control\\Control\\Process.py", line 698, in switchAPA\n    False\n', '  File "C:\\DUNE\\dune_winder\\src\\winder\\Control\\Control\\AnodePlaneArray.py", line 76, in __init__\n    self.load()\n', '  File "C:\\DUNE\\dune_winder\\src\\winder\\Control\\Control\\AnodePlaneArray.py", line 246, in load\n    self.loadRecipe( self._layer )\n', '  File "C:\\DUNE\\dune_winder\\src\\winder\\Control\\Control\\AnodePlaneArray.py", line 129, in loadRecipe\n    self._calibration.load( self.getPath(), self._calibrationFile )\n', '  File "C:\\DUNE\\dune_winder\\src\\winder\\Control\\Machine\\LayerCalibration.py", line 184, in load\n    HashedSerializable.load( self, filePath, fileName, nameOverride, exceptionForMismatch )\n', '  File "C:\\DUNE\\dune_winder\\src\\winder\\Control\\Library\\HashedSerializable.py", line 108, in load\n    Serializable.load( self, filePath, fileName, nameOverride )\n', '  File "C:\\DUNE\\dune_winder\\src\\winder\\Control\\Library\\Serializable.py", line 306, in load\n    xmlDocument = xml.dom.minidom.parse( fullName )\n', '  File "C:\\ProgramData\\anaconda3\\envs\\DunePy27\\lib\\xml\\dom\\minidom.py", line 1918, in parse\n    return expatbuilder.parse(file)\n', '  File "C:\\ProgramData\\anaconda3\\envs\\DunePy27\\lib\\xml\\dom\\expatbuilder.py", line 922, in parse\n    fp = open(file, \'rb\')\n']
2024-01-02 18:08:30.194000	AnodePlaneArray	CLOSE	Closing APA US_APA_1, X-Layer_FULL.gc:None after 3.294s	US_APA_1	X-Layer_FULL.gc	None	3.294
2024-01-02 18:08:35.242000	AnodePlaneArray	LOAD	Loaded APA called US_APA_1	US_APA_1
2024-01-02 18:08:35.247000	Main	commandHandler	Invalid command issued from UI.	process.switchAPA( "US_APA_1" )	[Errno 2] No such file or directory: u'../Data/APA/US_APA_1//V_Calibration.xml'	<type 'exceptions.IOError'>	[Errno 2] No such file or directory: u'../Data/APA/US_APA_1//V_Calibration.xml'	['  File "main.py", line 84, in commandHandler\n    result = eval( command )\n', '  File "<string>", line 1, in <module>\n', '  File "C:\\DUNE\\dune_winder\\src\\winder\\Control\\Control\\Process.py", line 698, in switchAPA\n    False\n', '  File "C:\\DUNE\\dune_winder\\src\\winder\\Control\\Control\\AnodePlaneArray.py", line 76, in __init__\n    self.load()\n', '  File "C:\\DUNE\\dune_winder\\src\\winder\\Control\\Control\\AnodePlaneArray.py", line 246, in load\n    self.loadRecipe( self._layer )\n', '  File "C:\\DUNE\\dune_winder\\src\\winder\\Control\\Control\\AnodePlaneArray.py", line 129, in loadRecipe\n    self._calibration.load( self.getPath(), self._calibrationFile )\n', '  File "C:\\DUNE\\dune_winder\\src\\winder\\Control\\Machine\\LayerCalibration.py", line 184, in load\n    HashedSerializable.load( self, filePath, fileName, nameOverride, exceptionForMismatch )\n', '  File "C:\\DUNE\\dune_winder\\src\\winder\\Control\\Library\\HashedSerializable.py", line 108, in load\n    Serializable.load( self, filePath, fileName, nameOverride )\n', '  File "C:\\DUNE\\dune_winder\\src\\winder\\Control\\Library\\Serializable.py", line 306, in load\n    xmlDocument = xml.dom.minidom.parse( fullName )\n', '  File "C:\\ProgramData\\anaconda3\\envs\\DunePy27\\lib\\xml\\dom\\minidom.py", line 1918, in parse\n    return expatbuilder.parse(file)\n', '  File "C:\\ProgramData\\anaconda3\\envs\\DunePy27\\lib\\xml\\dom\\expatbuilder.py", line 922, in parse\n    fp = open(file, \'rb\')\n']
2024-01-02 18:08:37.752000	Main	commandHandler	Invalid command issued from UI.	process.switchAPA( "US_APA_1" )	float argument required, not NoneType	<type 'exceptions.TypeError'>	float argument required, not NoneType	['  File "main.py", line 84, in commandHandler\n    result = eval( command )\n', '  File "<string>", line 1, in <module>\n', '  File "C:\\DUNE\\dune_winder\\src\\winder\\Control\\Control\\Process.py", line 698, in switchAPA\n    False\n', '  File "C:\\DUNE\\dune_winder\\src\\winder\\Control\\Control\\AnodePlaneArray.py", line 56, in __init__\n    AnodePlaneArray.activeAPA.close()\n', '  File "C:\\DUNE\\dune_winder\\src\\winder\\Control\\Control\\AnodePlaneArray.py", line 308, in close\n    self._gCodeHandler._headPosition\n', '  File "C:\\DUNE\\dune_winder\\src\\winder\\Control\\Control\\APA_Base.py", line 231, in setLocation\n    print("$$$$$ APA_Base.setLocation SETTING X: %f Y: %f" %(self._x, self._y))\n']
2024-01-02 18:08:46.822000	AnodePlaneArray	CLOSE	Closing APA Wood APA, X-Layer_FULL.gc:0 after 16.628s	Wood APA	X-Layer_FULL.gc	0	16.628
2024-01-02 18:08:48.458000	AnodePlaneArray	LOAD	Loaded APA called US_APA_1	US_APA_1
2024-01-02 18:08:48.459000	Main	commandHandler	Invalid command issued from UI.	process.switchAPA( "US_APA_1" )	[Errno 2] No such file or directory: u'../Data/APA/US_APA_1//V_Calibration.xml'	<type 'exceptions.IOError'>	[Errno 2] No such file or directory: u'../Data/APA/US_APA_1//V_Calibration.xml'	['  File "main.py", line 84, in commandHandler\n    result = eval( command )\n', '  File "<string>", line 1, in <module>\n', '  File "C:\\DUNE\\dune_winder\\src\\winder\\Control\\Control\\Process.py", line 698, in switchAPA\n    False\n', '  File "C:\\DUNE\\dune_winder\\src\\winder\\Control\\Control\\AnodePlaneArray.py", line 76, in __init__\n    self.load()\n', '  File "C:\\DUNE\\dune_winder\\src\\winder\\Control\\Control\\AnodePlaneArray.py", line 246, in load\n    self.loadRecipe( self._layer )\n', '  File "C:\\DUNE\\dune_winder\\src\\winder\\Control\\Control\\AnodePlaneArray.py", line 129, in loadRecipe\n    self._calibration.load( self.getPath(), self._calibrationFile )\n', '  File "C:\\DUNE\\dune_winder\\src\\winder\\Control\\Machine\\LayerCalibration.py", line 184, in load\n    HashedSerializable.load( self, filePath, fileName, nameOverride, exceptionForMismatch )\n', '  File "C:\\DUNE\\dune_winder\\src\\winder\\Control\\Library\\HashedSerializable.py", line 108, in load\n    Serializable.load( self, filePath, fileName, nameOverride )\n', '  File "C:\\DUNE\\dune_winder\\src\\winder\\Control\\Library\\Serializable.py", line 306, in load\n    xmlDocument = xml.dom.minidom.parse( fullName )\n', '  File "C:\\ProgramData\\anaconda3\\envs\\DunePy27\\lib\\xml\\dom\\minidom.py", line 1918, in parse\n    return expatbuilder.parse(file)\n', '  File "C:\\ProgramData\\anaconda3\\envs\\DunePy27\\lib\\xml\\dom\\expatbuilder.py", line 922, in parse\n    fp = open(file, \'rb\')\n']
2024-01-02 18:08:53.679000	Main	commandHandler	Invalid command issued from UI.	process.switchAPA( "US_APA_1" )	float argument required, not NoneType	<type 'exceptions.TypeError'>	float argument required, not NoneType	['  File "main.py", line 84, in commandHandler\n    result = eval( command )\n', '  File "<string>", line 1, in <module>\n', '  File "C:\\DUNE\\dune_winder\\src\\winder\\Control\\Control\\Process.py", line 698, in switchAPA\n    False\n', '  File "C:\\DUNE\\dune_winder\\src\\winder\\Control\\Control\\AnodePlaneArray.py", line 56, in __init__\n    AnodePlaneArray.activeAPA.close()\n', '  File "C:\\DUNE\\dune_winder\\src\\winder\\Control\\Control\\AnodePlaneArray.py", line 308, in close\n    self._gCodeHandler._headPosition\n', '  File "C:\\DUNE\\dune_winder\\src\\winder\\Control\\Control\\APA_Base.py", line 231, in setLocation\n    print("$$$$$ APA_Base.setLocation SETTING X: %f Y: %f" %(self._x, self._y))\n']
2024-01-02 18:10:30.514000	AnodePlaneArray	LOAD	Loaded APA called US_APA_1	US_APA_1
2024-01-02 18:10:30.516000	Main	commandHandler	Invalid command issued from UI.	process.switchAPA( "US_APA_1" )	[Errno 2] No such file or directory: u'../Data/APA/US_APA_1//V_Calibration.xml'	<type 'exceptions.IOError'>	[Errno 2] No such file or directory: u'../Data/APA/US_APA_1//V_Calibration.xml'	['  File "main.py", line 84, in commandHandler\n    result = eval( command )\n', '  File "<string>", line 1, in <module>\n', '  File "C:\\DUNE\\dune_winder\\src\\winder\\Control\\Control\\Process.py", line 698, in switchAPA\n    False\n', '  File "C:\\DUNE\\dune_winder\\src\\winder\\Control\\Control\\AnodePlaneArray.py", line 76, in __init__\n    self.load()\n', '  File "C:\\DUNE\\dune_winder\\src\\winder\\Control\\Control\\AnodePlaneArray.py", line 246, in load\n    self.loadRecipe( self._layer )\n', '  File "C:\\DUNE\\dune_winder\\src\\winder\\Control\\Control\\AnodePlaneArray.py", line 129, in loadRecipe\n    self._calibration.load( self.getPath(), self._calibrationFile )\n', '  File "C:\\DUNE\\dune_winder\\src\\winder\\Control\\Machine\\LayerCalibration.py", line 184, in load\n    HashedSerializable.load( self, filePath, fileName, nameOverride, exceptionForMismatch )\n', '  File "C:\\DUNE\\dune_winder\\src\\winder\\Control\\Library\\HashedSerializable.py", line 108, in load\n    Serializable.load( self, filePath, fileName, nameOverride )\n', '  File "C:\\DUNE\\dune_winder\\src\\winder\\Control\\Library\\Serializable.py", line 306, in load\n    xmlDocument = xml.dom.minidom.parse( fullName )\n', '  File "C:\\ProgramData\\anaconda3\\envs\\DunePy27\\lib\\xml\\dom\\minidom.py", line 1918, in parse\n    return expatbuilder.parse(file)\n', '  File "C:\\ProgramData\\anaconda3\\envs\\DunePy27\\lib\\xml\\dom\\expatbuilder.py", line 922, in parse\n    fp = open(file, \'rb\')\n']
2024-01-02 18:10:34.323000	AnodePlaneArray	CLOSE	Closing APA US_APA_1, X-Layer_FULL.gc:None after 3.810s	US_APA_1	X-Layer_FULL.gc	None	3.81
2024-01-02 18:11:46.929000	AnodePlaneArray	LOAD	Loaded APA called US_APA_1	US_APA_1
2024-01-02 18:11:46.939000	Main	commandHandler	Invalid command issued from UI.	process.switchAPA( "US_APA_1" )	[Errno 2] No such file or directory: u'../Data/APA/US_APA_1//V_Calibration.xml'	<type 'exceptions.IOError'>	[Errno 2] No such file or directory: u'../Data/APA/US_APA_1//V_Calibration.xml'	['  File "main.py", line 84, in commandHandler\n    result = eval( command )\n', '  File "<string>", line 1, in <module>\n', '  File "C:\\DUNE\\dune_winder\\src\\winder\\Control\\Control\\Process.py", line 698, in switchAPA\n    False\n', '  File "C:\\DUNE\\dune_winder\\src\\winder\\Control\\Control\\AnodePlaneArray.py", line 76, in __init__\n    self.load()\n', '  File "C:\\DUNE\\dune_winder\\src\\winder\\Control\\Control\\AnodePlaneArray.py", line 246, in load\n    self.loadRecipe( self._layer )\n', '  File "C:\\DUNE\\dune_winder\\src\\winder\\Control\\Control\\AnodePlaneArray.py", line 129, in loadRecipe\n    self._calibration.load( self.getPath(), self._calibrationFile )\n', '  File "C:\\DUNE\\dune_winder\\src\\winder\\Control\\Machine\\LayerCalibration.py", line 184, in load\n    HashedSerializable.load( self, filePath, fileName, nameOverride, exceptionForMismatch )\n', '  File "C:\\DUNE\\dune_winder\\src\\winder\\Control\\Library\\HashedSerializable.py", line 108, in load\n    Serializable.load( self, filePath, fileName, nameOverride )\n', '  File "C:\\DUNE\\dune_winder\\src\\winder\\Control\\Library\\Serializable.py", line 306, in load\n    xmlDocument = xml.dom.minidom.parse( fullName )\n', '  File "C:\\ProgramData\\anaconda3\\envs\\DunePy27\\lib\\xml\\dom\\minidom.py", line 1918, in parse\n    return expatbuilder.parse(file)\n', '  File "C:\\ProgramData\\anaconda3\\envs\\DunePy27\\lib\\xml\\dom\\expatbuilder.py", line 922, in parse\n    fp = open(file, \'rb\')\n']
2024-01-02 18:19:01.080000	Main	commandHandler	Invalid command issued from UI.	process.switchAPA( "US_APA_1" )	float argument required, not NoneType	<type 'exceptions.TypeError'>	float argument required, not NoneType	['  File "main.py", line 84, in commandHandler\n    result = eval( command )\n', '  File "<string>", line 1, in <module>\n', '  File "C:\\DUNE\\dune_winder\\src\\winder\\Control\\Control\\Process.py", line 698, in switchAPA\n    False\n', '  File "C:\\DUNE\\dune_winder\\src\\winder\\Control\\Control\\AnodePlaneArray.py", line 56, in __init__\n    AnodePlaneArray.activeAPA.close()\n', '  File "C:\\DUNE\\dune_winder\\src\\winder\\Control\\Control\\AnodePlaneArray.py", line 308, in close\n    self._gCodeHandler._headPosition\n', '  File "C:\\DUNE\\dune_winder\\src\\winder\\Control\\Control\\APA_Base.py", line 231, in setLocation\n    print("$$$$$ APA_Base.setLocation SETTING X: %f Y: %f" %(self._x, self._y))\n']
2024-01-02 18:20:52.317000	Main	commandHandler	Invalid command issued from UI.	process.switchAPA( "US_APA_1" )	float argument required, not NoneType	<type 'exceptions.TypeError'>	float argument required, not NoneType	['  File "main.py", line 84, in commandHandler\n    result = eval( command )\n', '  File "<string>", line 1, in <module>\n', '  File "C:\\DUNE\\dune_winder\\src\\winder\\Control\\Control\\Process.py", line 698, in switchAPA\n    False\n', '  File "C:\\DUNE\\dune_winder\\src\\winder\\Control\\Control\\AnodePlaneArray.py", line 56, in __init__\n    AnodePlaneArray.activeAPA.close()\n', '  File "C:\\DUNE\\dune_winder\\src\\winder\\Control\\Control\\AnodePlaneArray.py", line 308, in close\n    self._gCodeHandler._headPosition\n', '  File "C:\\DUNE\\dune_winder\\src\\winder\\Control\\Control\\APA_Base.py", line 231, in setLocation\n    print("$$$$$ APA_Base.setLocation SETTING X: %f Y: %f" %(self._x, self._y))\n']
2024-01-02 18:21:18.579000	Main	commandHandler	Invalid command issued from UI.	process.switchAPA( "Wood APA" )	float argument required, not NoneType	<type 'exceptions.TypeError'>	float argument required, not NoneType	['  File "main.py", line 84, in commandHandler\n    result = eval( command )\n', '  File "<string>", line 1, in <module>\n', '  File "C:\\DUNE\\dune_winder\\src\\winder\\Control\\Control\\Process.py", line 698, in switchAPA\n    False\n', '  File "C:\\DUNE\\dune_winder\\src\\winder\\Control\\Control\\AnodePlaneArray.py", line 56, in __init__\n    AnodePlaneArray.activeAPA.close()\n', '  File "C:\\DUNE\\dune_winder\\src\\winder\\Control\\Control\\AnodePlaneArray.py", line 308, in close\n    self._gCodeHandler._headPosition\n', '  File "C:\\DUNE\\dune_winder\\src\\winder\\Control\\Control\\APA_Base.py", line 231, in setLocation\n    print("$$$$$ APA_Base.setLocation SETTING X: %f Y: %f" %(self._x, self._y))\n']
2024-01-02 18:21:22.019000	Main	commandHandler	Invalid command issued from UI.	process.switchAPA( "Wood APA" )	float argument required, not NoneType	<type 'exceptions.TypeError'>	float argument required, not NoneType	['  File "main.py", line 84, in commandHandler\n    result = eval( command )\n', '  File "<string>", line 1, in <module>\n', '  File "C:\\DUNE\\dune_winder\\src\\winder\\Control\\Control\\Process.py", line 698, in switchAPA\n    False\n', '  File "C:\\DUNE\\dune_winder\\src\\winder\\Control\\Control\\AnodePlaneArray.py", line 56, in __init__\n    AnodePlaneArray.activeAPA.close()\n', '  File "C:\\DUNE\\dune_winder\\src\\winder\\Control\\Control\\AnodePlaneArray.py", line 308, in close\n    self._gCodeHandler._headPosition\n', '  File "C:\\DUNE\\dune_winder\\src\\winder\\Control\\Control\\APA_Base.py", line 231, in setLocation\n    print("$$$$$ APA_Base.setLocation SETTING X: %f Y: %f" %(self._x, self._y))\n']
2024-01-02 18:21:29.615000	Main	commandHandler	Invalid command issued from UI.	process.switchAPA( "Wood APA" )	float argument required, not NoneType	<type 'exceptions.TypeError'>	float argument required, not NoneType	['  File "main.py", line 84, in commandHandler\n    result = eval( command )\n', '  File "<string>", line 1, in <module>\n', '  File "C:\\DUNE\\dune_winder\\src\\winder\\Control\\Control\\Process.py", line 698, in switchAPA\n    False\n', '  File "C:\\DUNE\\dune_winder\\src\\winder\\Control\\Control\\AnodePlaneArray.py", line 56, in __init__\n    AnodePlaneArray.activeAPA.close()\n', '  File "C:\\DUNE\\dune_winder\\src\\winder\\Control\\Control\\AnodePlaneArray.py", line 308, in close\n    self._gCodeHandler._headPosition\n', '  File "C:\\DUNE\\dune_winder\\src\\winder\\Control\\Control\\APA_Base.py", line 231, in setLocation\n    print("$$$$$ APA_Base.setLocation SETTING X: %f Y: %f" %(self._x, self._y))\n']
2024-01-02 18:21:33.635000	Main	commandHandler	Invalid command issued from UI.	process.switchAPA( "Wood APA" )	float argument required, not NoneType	<type 'exceptions.TypeError'>	float argument required, not NoneType	['  File "main.py", line 84, in commandHandler\n    result = eval( command )\n', '  File "<string>", line 1, in <module>\n', '  File "C:\\DUNE\\dune_winder\\src\\winder\\Control\\Control\\Process.py", line 698, in switchAPA\n    False\n', '  File "C:\\DUNE\\dune_winder\\src\\winder\\Control\\Control\\AnodePlaneArray.py", line 56, in __init__\n    AnodePlaneArray.activeAPA.close()\n', '  File "C:\\DUNE\\dune_winder\\src\\winder\\Control\\Control\\AnodePlaneArray.py", line 308, in close\n    self._gCodeHandler._headPosition\n', '  File "C:\\DUNE\\dune_winder\\src\\winder\\Control\\Control\\APA_Base.py", line 231, in setLocation\n    print("$$$$$ APA_Base.setLocation SETTING X: %f Y: %f" %(self._x, self._y))\n']
2024-01-02 18:21:35.079000	Main	commandHandler	Invalid command issued from UI.	process.switchAPA( "US_APA_1" )	float argument required, not NoneType	<type 'exceptions.TypeError'>	float argument required, not NoneType	['  File "main.py", line 84, in commandHandler\n    result = eval( command )\n', '  File "<string>", line 1, in <module>\n', '  File "C:\\DUNE\\dune_winder\\src\\winder\\Control\\Control\\Process.py", line 698, in switchAPA\n    False\n', '  File "C:\\DUNE\\dune_winder\\src\\winder\\Control\\Control\\AnodePlaneArray.py", line 56, in __init__\n    AnodePlaneArray.activeAPA.close()\n', '  File "C:\\DUNE\\dune_winder\\src\\winder\\Control\\Control\\AnodePlaneArray.py", line 308, in close\n    self._gCodeHandler._headPosition\n', '  File "C:\\DUNE\\dune_winder\\src\\winder\\Control\\Control\\APA_Base.py", line 231, in setLocation\n    print("$$$$$ APA_Base.setLocation SETTING X: %f Y: %f" %(self._x, self._y))\n']
2024-01-02 18:21:40.158000	Main	commandHandler	Invalid command issued from UI.	process.switchAPA( "Wood APA" )	float argument required, not NoneType	<type 'exceptions.TypeError'>	float argument required, not NoneType	['  File "main.py", line 84, in commandHandler\n    result = eval( command )\n', '  File "<string>", line 1, in <module>\n', '  File "C:\\DUNE\\dune_winder\\src\\winder\\Control\\Control\\Process.py", line 698, in switchAPA\n    False\n', '  File "C:\\DUNE\\dune_winder\\src\\winder\\Control\\Control\\AnodePlaneArray.py", line 56, in __init__\n    AnodePlaneArray.activeAPA.close()\n', '  File "C:\\DUNE\\dune_winder\\src\\winder\\Control\\Control\\AnodePlaneArray.py", line 308, in close\n    self._gCodeHandler._headPosition\n', '  File "C:\\DUNE\\dune_winder\\src\\winder\\Control\\Control\\APA_Base.py", line 231, in setLocation\n    print("$$$$$ APA_Base.setLocation SETTING X: %f Y: %f" %(self._x, self._y))\n']
2024-01-02 18:21:42.351000	Main	commandHandler	Invalid command issued from UI.	process.switchAPA( "US_APA_1" )	float argument required, not NoneType	<type 'exceptions.TypeError'>	float argument required, not NoneType	['  File "main.py", line 84, in commandHandler\n    result = eval( command )\n', '  File "<string>", line 1, in <module>\n', '  File "C:\\DUNE\\dune_winder\\src\\winder\\Control\\Control\\Process.py", line 698, in switchAPA\n    False\n', '  File "C:\\DUNE\\dune_winder\\src\\winder\\Control\\Control\\AnodePlaneArray.py", line 56, in __init__\n    AnodePlaneArray.activeAPA.close()\n', '  File "C:\\DUNE\\dune_winder\\src\\winder\\Control\\Control\\AnodePlaneArray.py", line 308, in close\n    self._gCodeHandler._headPosition\n', '  File "C:\\DUNE\\dune_winder\\src\\winder\\Control\\Control\\APA_Base.py", line 231, in setLocation\n    print("$$$$$ APA_Base.setLocation SETTING X: %f Y: %f" %(self._x, self._y))\n']
2024-01-02 18:21:43.697000	Main	commandHandler	Invalid command issued from UI.	process.switchAPA( "US_APA_1" )	float argument required, not NoneType	<type 'exceptions.TypeError'>	float argument required, not NoneType	['  File "main.py", line 84, in commandHandler\n    result = eval( command )\n', '  File "<string>", line 1, in <module>\n', '  File "C:\\DUNE\\dune_winder\\src\\winder\\Control\\Control\\Process.py", line 698, in switchAPA\n    False\n', '  File "C:\\DUNE\\dune_winder\\src\\winder\\Control\\Control\\AnodePlaneArray.py", line 56, in __init__\n    AnodePlaneArray.activeAPA.close()\n', '  File "C:\\DUNE\\dune_winder\\src\\winder\\Control\\Control\\AnodePlaneArray.py", line 308, in close\n    self._gCodeHandler._headPosition\n', '  File "C:\\DUNE\\dune_winder\\src\\winder\\Control\\Control\\APA_Base.py", line 231, in setLocation\n    print("$$$$$ APA_Base.setLocation SETTING X: %f Y: %f" %(self._x, self._y))\n']
2024-01-02 18:21:45.472000	Main	commandHandler	Invalid command issued from UI.	process.switchAPA( "Wood APA" )	float argument required, not NoneType	<type 'exceptions.TypeError'>	float argument required, not NoneType	['  File "main.py", line 84, in commandHandler\n    result = eval( command )\n', '  File "<string>", line 1, in <module>\n', '  File "C:\\DUNE\\dune_winder\\src\\winder\\Control\\Control\\Process.py", line 698, in switchAPA\n    False\n', '  File "C:\\DUNE\\dune_winder\\src\\winder\\Control\\Control\\AnodePlaneArray.py", line 56, in __init__\n    AnodePlaneArray.activeAPA.close()\n', '  File "C:\\DUNE\\dune_winder\\src\\winder\\Control\\Control\\AnodePlaneArray.py", line 308, in close\n    self._gCodeHandler._headPosition\n', '  File "C:\\DUNE\\dune_winder\\src\\winder\\Control\\Control\\APA_Base.py", line 231, in setLocation\n    print("$$$$$ APA_Base.setLocation SETTING X: %f Y: %f" %(self._x, self._y))\n']
2024-01-02 18:23:06.045000	Main	commandHandler	Invalid command issued from UI.	process.switchAPA( "Wood APA" )	float argument required, not NoneType	<type 'exceptions.TypeError'>	float argument required, not NoneType	['  File "main.py", line 84, in commandHandler\n    result = eval( command )\n', '  File "<string>", line 1, in <module>\n', '  File "C:\\DUNE\\dune_winder\\src\\winder\\Control\\Control\\Process.py", line 698, in switchAPA\n    False\n', '  File "C:\\DUNE\\dune_winder\\src\\winder\\Control\\Control\\AnodePlaneArray.py", line 56, in __init__\n    AnodePlaneArray.activeAPA.close()\n', '  File "C:\\DUNE\\dune_winder\\src\\winder\\Control\\Control\\AnodePlaneArray.py", line 308, in close\n    self._gCodeHandler._headPosition\n', '  File "C:\\DUNE\\dune_winder\\src\\winder\\Control\\Control\\APA_Base.py", line 231, in setLocation\n    print("$$$$$ APA_Base.setLocation SETTING X: %f Y: %f" %(self._x, self._y))\n']
2024-01-02 18:23:28.445000	AnodePlaneArray	LOAD	Loaded APA called US_APA_1	US_APA_1
2024-01-02 18:23:28.446000	AnodePlaneArray	LOAD	Loaded calibration file X_Calibration.xml.	X_Calibration.xml	75A-635-F98D
2024-01-02 18:23:28.453000	AnodePlaneArray	GCODE	Loaded G-Code file X-Layer_FULL.gc, active layer X, starting at line 1	X-Layer_FULL.gc	X	1	X Layer first half start on front	7F4-9DD-B9CB
2024-01-02 18:23:42.498000	AnodePlaneArray	CLOSE	Closing APA US_APA_1, X-Layer_FULL.gc:1 after 14.053s	US_APA_1	X-Layer_FULL.gc	1	14.053
2024-01-02 18:23:45.879000	AnodePlaneArray	LOAD	Loaded APA called US_APA_1	US_APA_1
2024-01-02 18:23:45.884000	AnodePlaneArray	LOAD	Loaded calibration file X_Calibration.xml.	X_Calibration.xml	75A-635-F98D
2024-01-02 18:23:45.890000	AnodePlaneArray	GCODE	Loaded G-Code file X-Layer_FULL.gc, active layer X, starting at line 1	X-Layer_FULL.gc	X	1	X Layer first half start on front	7F4-9DD-B9CB
2024-01-02 18:26:03.272000	AnodePlaneArray	LOAD	Loaded calibration file X_Calibration.xml.	X_Calibration.xml	75A-635-F98D
2024-01-02 18:26:03.284000	Main	commandHandler	Invalid command issued from UI.	process.apa.loadRecipe( "X", "LayerX_gCode.gc", -1 )	Recipe contains no heading.	<type 'exceptions.Exception'>	Recipe contains no heading.	['  File "main.py", line 84, in commandHandler\n    result = eval( command )\n', '  File "<string>", line 1, in <module>\n', '  File "C:\\DUNE\\dune_winder\\src\\winder\\Control\\Control\\AnodePlaneArray.py", line 185, in loadRecipe\n    Recipe( self._recipeDirectory + "/" + self._recipeFile, self._recipeArchiveDirectory )\n', '  File "C:\\DUNE\\dune_winder\\src\\winder\\Control\\Library\\Recipe.py", line 58, in __init__\n    raise Exception( "Recipe contains no heading." )\n']
2024-01-02 18:26:14.345000	AnodePlaneArray	LOAD	Loaded calibration file X_Calibration.xml.	X_Calibration.xml	75A-635-F98D
2024-01-02 18:26:14.365000	AnodePlaneArray	GCODE	Loaded G-Code file V-Layer_DL_Mod_26_04_2023 - MOD - PINHEIGHTOFFSET.gc, active layer X, starting at line -1	V-Layer_DL_Mod_26_04_2023 - MOD - PINHEIGHTOFFSET.gc	X	-1	V Layer	9EE-7E3-6CC5
2024-01-02 18:26:17.552000	AnodePlaneArray	LOAD	Loaded calibration file X_Calibration.xml.	X_Calibration.xml	75A-635-F98D
2024-01-02 18:26:17.553000	Main	commandHandler	Invalid command issued from UI.	process.apa.loadRecipe( "X", "LayerX_gCode.gc", -1 )	Recipe contains no heading.	<type 'exceptions.Exception'>	Recipe contains no heading.	['  File "main.py", line 84, in commandHandler\n    result = eval( command )\n', '  File "<string>", line 1, in <module>\n', '  File "C:\\DUNE\\dune_winder\\src\\winder\\Control\\Control\\AnodePlaneArray.py", line 185, in loadRecipe\n    Recipe( self._recipeDirectory + "/" + self._recipeFile, self._recipeArchiveDirectory )\n', '  File "C:\\DUNE\\dune_winder\\src\\winder\\Control\\Library\\Recipe.py", line 58, in __init__\n    raise Exception( "Recipe contains no heading." )\n']
2024-01-02 18:27:47.430000	AnodePlaneArray	LOAD	Loaded calibration file X_Calibration.xml.	X_Calibration.xml	75A-635-F98D
2024-01-02 18:27:47.454000	AnodePlaneArray	GCODE	Loaded G-Code file V-Layer_DL_Mod_26_04_2023 - MOD - PINHEIGHTOFFSET.gc, active layer X, starting at line -1	V-Layer_DL_Mod_26_04_2023 - MOD - PINHEIGHTOFFSET.gc	X	-1	V Layer	9EE-7E3-6CC5
2024-01-02 18:27:50.439000	AnodePlaneArray	LOAD	Loaded calibration file X_Calibration.xml.	X_Calibration.xml	75A-635-F98D
2024-01-02 18:27:50.441000	Main	commandHandler	Invalid command issued from UI.	process.apa.loadRecipe( "X", "LayerX_gCode.gc", -1 )	Recipe contains no heading.	<type 'exceptions.Exception'>	Recipe contains no heading.	['  File "main.py", line 84, in commandHandler\n    result = eval( command )\n', '  File "<string>", line 1, in <module>\n', '  File "C:\\DUNE\\dune_winder\\src\\winder\\Control\\Control\\AnodePlaneArray.py", line 185, in loadRecipe\n    Recipe( self._recipeDirectory + "/" + self._recipeFile, self._recipeArchiveDirectory )\n', '  File "C:\\DUNE\\dune_winder\\src\\winder\\Control\\Library\\Recipe.py", line 58, in __init__\n    raise Exception( "Recipe contains no heading." )\n']
2024-01-02 18:28:15.980000	AnodePlaneArray	CLOSE	Closing APA US_APA_1, LayerX_gCode.gc:-1 after 4m 30.101s	US_APA_1	LayerX_gCode.gc	-1	270.101
2024-01-02 18:28:28.021000	AnodePlaneArray	LOAD	Loaded APA called US_APA_1	US_APA_1
2024-01-02 18:28:28.028000	AnodePlaneArray	LOAD	Loaded calibration file X_Calibration.xml.	X_Calibration.xml	75A-635-F98D
2024-01-02 18:28:28.029000	Main	commandHandler	Invalid command issued from UI.	process.switchAPA( "US_APA_1" )	Recipe contains no heading.	<type 'exceptions.Exception'>	Recipe contains no heading.	['  File "main.py", line 84, in commandHandler\n    result = eval( command )\n', '  File "<string>", line 1, in <module>\n', '  File "C:\\DUNE\\dune_winder\\src\\winder\\Control\\Control\\Process.py", line 698, in switchAPA\n    False\n', '  File "C:\\DUNE\\dune_winder\\src\\winder\\Control\\Control\\AnodePlaneArray.py", line 76, in __init__\n    self.load()\n', '  File "C:\\DUNE\\dune_winder\\src\\winder\\Control\\Control\\AnodePlaneArray.py", line 246, in load\n    self.loadRecipe( self._layer )\n', '  File "C:\\DUNE\\dune_winder\\src\\winder\\Control\\Control\\AnodePlaneArray.py", line 185, in loadRecipe\n    Recipe( self._recipeDirectory + "/" + self._recipeFile, self._recipeArchiveDirectory )\n', '  File "C:\\DUNE\\dune_winder\\src\\winder\\Control\\Library\\Recipe.py", line 58, in __init__\n    raise Exception( "Recipe contains no heading." )\n']
2024-01-02 18:28:31	AnodePlaneArray	CLOSE	Closing APA US_APA_1, LayerX_gCode.gc:-1 after 2.979s	US_APA_1	LayerX_gCode.gc	-1	2.979
2024-01-02 18:28:31.001000	AnodePlaneArray	LOAD	Loaded APA called US_APA_1	US_APA_1
2024-01-02 18:28:31.007000	AnodePlaneArray	LOAD	Loaded calibration file X_Calibration.xml.	X_Calibration.xml	75A-635-F98D
2024-01-02 18:28:31.007000	Main	commandHandler	Invalid command issued from UI.	process.switchAPA( "US_APA_1" )	Recipe contains no heading.	<type 'exceptions.Exception'>	Recipe contains no heading.	['  File "main.py", line 84, in commandHandler\n    result = eval( command )\n', '  File "<string>", line 1, in <module>\n', '  File "C:\\DUNE\\dune_winder\\src\\winder\\Control\\Control\\Process.py", line 698, in switchAPA\n    False\n', '  File "C:\\DUNE\\dune_winder\\src\\winder\\Control\\Control\\AnodePlaneArray.py", line 76, in __init__\n    self.load()\n', '  File "C:\\DUNE\\dune_winder\\src\\winder\\Control\\Control\\AnodePlaneArray.py", line 246, in load\n    self.loadRecipe( self._layer )\n', '  File "C:\\DUNE\\dune_winder\\src\\winder\\Control\\Control\\AnodePlaneArray.py", line 185, in loadRecipe\n    Recipe( self._recipeDirectory + "/" + self._recipeFile, self._recipeArchiveDirectory )\n', '  File "C:\\DUNE\\dune_winder\\src\\winder\\Control\\Library\\Recipe.py", line 58, in __init__\n    raise Exception( "Recipe contains no heading." )\n']
2024-01-02 18:28:37.293000	AnodePlaneArray	CLOSE	Closing APA Wood APA, LayerX_gCode.gc:-1 after 21.313s	Wood APA	LayerX_gCode.gc	-1	21.313
2024-01-02 18:28:38.461000	AnodePlaneArray	LOAD	Loaded APA called US_APA_1	US_APA_1
2024-01-02 18:28:38.462000	AnodePlaneArray	LOAD	Loaded calibration file X_Calibration.xml.	X_Calibration.xml	75A-635-F98D
2024-01-02 18:28:38.464000	Main	commandHandler	Invalid command issued from UI.	process.switchAPA( "US_APA_1" )	Recipe contains no heading.	<type 'exceptions.Exception'>	Recipe contains no heading.	['  File "main.py", line 84, in commandHandler\n    result = eval( command )\n', '  File "<string>", line 1, in <module>\n', '  File "C:\\DUNE\\dune_winder\\src\\winder\\Control\\Control\\Process.py", line 698, in switchAPA\n    False\n', '  File "C:\\DUNE\\dune_winder\\src\\winder\\Control\\Control\\AnodePlaneArray.py", line 76, in __init__\n    self.load()\n', '  File "C:\\DUNE\\dune_winder\\src\\winder\\Control\\Control\\AnodePlaneArray.py", line 246, in load\n    self.loadRecipe( self._layer )\n', '  File "C:\\DUNE\\dune_winder\\src\\winder\\Control\\Control\\AnodePlaneArray.py", line 185, in loadRecipe\n    Recipe( self._recipeDirectory + "/" + self._recipeFile, self._recipeArchiveDirectory )\n', '  File "C:\\DUNE\\dune_winder\\src\\winder\\Control\\Library\\Recipe.py", line 58, in __init__\n    raise Exception( "Recipe contains no heading." )\n']
2024-01-02 18:28:56.387000	AnodePlaneArray	LOAD	Loaded APA called US_APA_1	US_APA_1
2024-01-02 18:28:56.389000	AnodePlaneArray	LOAD	Loaded calibration file X_Calibration.xml.	X_Calibration.xml	75A-635-F98D
2024-01-02 18:28:56.390000	Main	commandHandler	Invalid command issued from UI.	process.switchAPA( "US_APA_1" )	Recipe contains no heading.	<type 'exceptions.Exception'>	Recipe contains no heading.	['  File "main.py", line 84, in commandHandler\n    result = eval( command )\n', '  File "<string>", line 1, in <module>\n', '  File "C:\\DUNE\\dune_winder\\src\\winder\\Control\\Control\\Process.py", line 698, in switchAPA\n    False\n', '  File "C:\\DUNE\\dune_winder\\src\\winder\\Control\\Control\\AnodePlaneArray.py", line 76, in __init__\n    self.load()\n', '  File "C:\\DUNE\\dune_winder\\src\\winder\\Control\\Control\\AnodePlaneArray.py", line 246, in load\n    self.loadRecipe( self._layer )\n', '  File "C:\\DUNE\\dune_winder\\src\\winder\\Control\\Control\\AnodePlaneArray.py", line 185, in loadRecipe\n    Recipe( self._recipeDirectory + "/" + self._recipeFile, self._recipeArchiveDirectory )\n', '  File "C:\\DUNE\\dune_winder\\src\\winder\\Control\\Library\\Recipe.py", line 58, in __init__\n    raise Exception( "Recipe contains no heading." )\n']
2024-01-02 18:29:46.271000	AnodePlaneArray	CLOSE	Closing APA US_APA_1, LayerX_gCode.gc:None after 49.884s	US_APA_1	LayerX_gCode.gc	None	49.884
2024-01-02 18:29:46.271000	AnodePlaneArray	LOAD	Loaded APA called US_APA_1	US_APA_1
2024-01-02 18:29:46.280000	AnodePlaneArray	LOAD	Loaded calibration file X_Calibration.xml.	X_Calibration.xml	75A-635-F98D
2024-01-02 18:29:46.280000	Main	commandHandler	Invalid command issued from UI.	process.switchAPA( "US_APA_1" )	Recipe contains no heading.	<type 'exceptions.Exception'>	Recipe contains no heading.	['  File "main.py", line 84, in commandHandler\n    result = eval( command )\n', '  File "<string>", line 1, in <module>\n', '  File "C:\\DUNE\\dune_winder\\src\\winder\\Control\\Control\\Process.py", line 698, in switchAPA\n    False\n', '  File "C:\\DUNE\\dune_winder\\src\\winder\\Control\\Control\\AnodePlaneArray.py", line 76, in __init__\n    self.load()\n', '  File "C:\\DUNE\\dune_winder\\src\\winder\\Control\\Control\\AnodePlaneArray.py", line 246, in load\n    self.loadRecipe( self._layer )\n', '  File "C:\\DUNE\\dune_winder\\src\\winder\\Control\\Control\\AnodePlaneArray.py", line 185, in loadRecipe\n    Recipe( self._recipeDirectory + "/" + self._recipeFile, self._recipeArchiveDirectory )\n', '  File "C:\\DUNE\\dune_winder\\src\\winder\\Control\\Library\\Recipe.py", line 58, in __init__\n    raise Exception( "Recipe contains no heading." )\n']
2024-01-02 18:29:57.349000	AnodePlaneArray	LOAD	Loaded APA called US_APA_1	US_APA_1
2024-01-02 18:29:57.352000	AnodePlaneArray	LOAD	Loaded calibration file X_Calibration.xml.	X_Calibration.xml	75A-635-F98D
2024-01-02 18:29:57.353000	Main	commandHandler	Invalid command issued from UI.	process.switchAPA( "US_APA_1" )	Recipe contains no heading.	<type 'exceptions.Exception'>	Recipe contains no heading.	['  File "main.py", line 84, in commandHandler\n    result = eval( command )\n', '  File "<string>", line 1, in <module>\n', '  File "C:\\DUNE\\dune_winder\\src\\winder\\Control\\Control\\Process.py", line 698, in switchAPA\n    False\n', '  File "C:\\DUNE\\dune_winder\\src\\winder\\Control\\Control\\AnodePlaneArray.py", line 76, in __init__\n    self.load()\n', '  File "C:\\DUNE\\dune_winder\\src\\winder\\Control\\Control\\AnodePlaneArray.py", line 246, in load\n    self.loadRecipe( self._layer )\n', '  File "C:\\DUNE\\dune_winder\\src\\winder\\Control\\Control\\AnodePlaneArray.py", line 185, in loadRecipe\n    Recipe( self._recipeDirectory + "/" + self._recipeFile, self._recipeArchiveDirectory )\n', '  File "C:\\DUNE\\dune_winder\\src\\winder\\Control\\Library\\Recipe.py", line 58, in __init__\n    raise Exception( "Recipe contains no heading." )\n']
2024-01-02 18:30:01.494000	Main	commandHandler	Invalid command issued from UI.	process.switchAPA( "US_APA_1" )	float argument required, not NoneType	<type 'exceptions.TypeError'>	float argument required, not NoneType	['  File "main.py", line 84, in commandHandler\n    result = eval( command )\n', '  File "<string>", line 1, in <module>\n', '  File "C:\\DUNE\\dune_winder\\src\\winder\\Control\\Control\\Process.py", line 698, in switchAPA\n    False\n', '  File "C:\\DUNE\\dune_winder\\src\\winder\\Control\\Control\\AnodePlaneArray.py", line 56, in __init__\n    AnodePlaneArray.activeAPA.close()\n', '  File "C:\\DUNE\\dune_winder\\src\\winder\\Control\\Control\\AnodePlaneArray.py", line 308, in close\n    self._gCodeHandler._headPosition\n', '  File "C:\\DUNE\\dune_winder\\src\\winder\\Control\\Control\\APA_Base.py", line 231, in setLocation\n    print("$$$$$ APA_Base.setLocation SETTING X: %f Y: %f" %(self._x, self._y))\n']
2024-01-02 18:30:04.846000	Main	commandHandler	Invalid command issued from UI.	process.switchAPA( "Wood APA" )	float argument required, not NoneType	<type 'exceptions.TypeError'>	float argument required, not NoneType	['  File "main.py", line 84, in commandHandler\n    result = eval( command )\n', '  File "<string>", line 1, in <module>\n', '  File "C:\\DUNE\\dune_winder\\src\\winder\\Control\\Control\\Process.py", line 698, in switchAPA\n    False\n', '  File "C:\\DUNE\\dune_winder\\src\\winder\\Control\\Control\\AnodePlaneArray.py", line 56, in __init__\n    AnodePlaneArray.activeAPA.close()\n', '  File "C:\\DUNE\\dune_winder\\src\\winder\\Control\\Control\\AnodePlaneArray.py", line 308, in close\n    self._gCodeHandler._headPosition\n', '  File "C:\\DUNE\\dune_winder\\src\\winder\\Control\\Control\\APA_Base.py", line 231, in setLocation\n    print("$$$$$ APA_Base.setLocation SETTING X: %f Y: %f" %(self._x, self._y))\n']
2024-01-02 19:30:45.470000	ControlStateMachine	MODE	Mode changed from StopMode to HardwareMode	StopMode	HardwareMode
2024-01-02 19:30:45.492000	HardwareMode	HARD_ERROR	Unable to communicate to PLC
2024-01-02 19:30:45.695000	HardwareMode	HARD_ERROR	Communications to PLC established.
2024-01-02 19:30:45.696000	HardwareMode	HARD_ERROR	All hardware ready.
2024-01-02 19:30:45.701000	ControlStateMachine	MODE	Mode changed from HardwareMode to StopMode	HardwareMode	StopMode
2024-01-02 19:46:21.794000	ControlStateMachine	MODE	Mode changed from StopMode to HardwareMode	StopMode	HardwareMode
2024-01-02 19:46:21.840000	HardwareMode	HARD_ERROR	Unable to communicate to PLC
2024-01-02 19:46:22.017000	HardwareMode	HARD_ERROR	Communications to PLC established.
2024-01-02 19:46:22.021000	HardwareMode	HARD_ERROR	All hardware ready.
2024-01-02 19:46:22.027000	ControlStateMachine	MODE	Mode changed from HardwareMode to StopMode	HardwareMode	StopMode
2024-01-02 19:48:22.721000	Process	MANUAL_GCODE	Execute manual G-Code line.	X600 Y186
2024-01-02 19:48:22.797000	ControlStateMachine	MODE	Mode changed from StopMode to ManualMode	StopMode	ManualMode
2024-01-02 19:48:44.106000	ControlStateMachine	MODE	Mode changed from ManualMode to StopMode	ManualMode	StopMode
2024-01-02 19:58:56.806000	Process	VELOCITY_SCALE	G-Code velocity scale change from 1.0 to 0.35	1.0	0.35
2024-01-02 19:58:58.518000	Process	VELOCITY_SCALE	G-Code velocity scale change from 0.35 to 0.15	0.35	0.15
2024-01-02 19:59:04.438000	Process	VELOCITY_SCALE	G-Code velocity scale change from 0.15 to 1	0.15	1
2024-01-02 19:59:20.309000	Process	MANUAL_GCODE	Execute manual G-Code line.	X620 Y186
2024-01-02 19:59:20.380000	ControlStateMachine	MODE	Mode changed from StopMode to ManualMode	StopMode	ManualMode
2024-01-02 19:59:21.578000	ControlStateMachine	MODE	Mode changed from ManualMode to StopMode	ManualMode	StopMode
2024-01-02 19:59:39.158000	Process	MANUAL_GCODE	Execute manual G-Code line.	X600 Y186
2024-01-02 19:59:39.180000	ControlStateMachine	MODE	Mode changed from StopMode to ManualMode	StopMode	ManualMode
2024-01-02 19:59:40.161000	ControlStateMachine	MODE	Mode changed from ManualMode to StopMode	ManualMode	StopMode
2024-01-02 20:04:52.253000	Main	commandHandler	Invalid command issued from UI.	process.switchAPA( "Wood APA" )	float argument required, not NoneType	<type 'exceptions.TypeError'>	float argument required, not NoneType	['  File "main.py", line 84, in commandHandler\n    result = eval( command )\n', '  File "<string>", line 1, in <module>\n', '  File "C:\\DUNE\\dune_winder\\src\\winder\\Control\\Control\\Process.py", line 698, in switchAPA\n    False\n', '  File "C:\\DUNE\\dune_winder\\src\\winder\\Control\\Control\\AnodePlaneArray.py", line 56, in __init__\n    AnodePlaneArray.activeAPA.close()\n', '  File "C:\\DUNE\\dune_winder\\src\\winder\\Control\\Control\\AnodePlaneArray.py", line 308, in close\n    self._gCodeHandler._headPosition\n', '  File "C:\\DUNE\\dune_winder\\src\\winder\\Control\\Control\\APA_Base.py", line 231, in setLocation\n    print("$$$$$ APA_Base.setLocation SETTING X: %f Y: %f" %(self._x, self._y))\n']
2024-01-02 20:05:12.324000	Main	commandHandler	Invalid command issued from UI.	process.apa.loadRecipe( "null", "X-Layer_FULL.gc", -1 )	'NoneType' object has no attribute 'loadRecipe'	<type 'exceptions.AttributeError'>	'NoneType' object has no attribute 'loadRecipe'	['  File "main.py", line 84, in commandHandler\n    result = eval( command )\n', '  File "<string>", line 1, in <module>\n']
2024-01-02 20:05:40.851000	Main	commandHandler	Invalid command issued from UI.	process.apa.loadRecipe( "null", "LayerX_gCode.gc", -1 )	'NoneType' object has no attribute 'loadRecipe'	<type 'exceptions.AttributeError'>	'NoneType' object has no attribute 'loadRecipe'	['  File "main.py", line 84, in commandHandler\n    result = eval( command )\n', '  File "<string>", line 1, in <module>\n']
2024-01-02 20:07:14.582000	Main	commandHandler	Invalid command issued from UI.	process.createAPA( "US_APA1" )	float argument required, not NoneType	<type 'exceptions.TypeError'>	float argument required, not NoneType	['  File "main.py", line 84, in commandHandler\n    result = eval( command )\n', '  File "<string>", line 1, in <module>\n', '  File "C:\\DUNE\\dune_winder\\src\\winder\\Control\\Control\\Process.py", line 275, in createAPA\n    True\n', '  File "C:\\DUNE\\dune_winder\\src\\winder\\Control\\Control\\AnodePlaneArray.py", line 56, in __init__\n    AnodePlaneArray.activeAPA.close()\n', '  File "C:\\DUNE\\dune_winder\\src\\winder\\Control\\Control\\AnodePlaneArray.py", line 308, in close\n    self._gCodeHandler._headPosition\n', '  File "C:\\DUNE\\dune_winder\\src\\winder\\Control\\Control\\APA_Base.py", line 231, in setLocation\n    print("$$$$$ APA_Base.setLocation SETTING X: %f Y: %f" %(self._x, self._y))\n']
2024-01-02 20:08:24.994000	Main	commandHandler	Invalid command issued from UI.	process.switchAPA( "Wood APA" )	float argument required, not NoneType	<type 'exceptions.TypeError'>	float argument required, not NoneType	['  File "main.py", line 84, in commandHandler\n    result = eval( command )\n', '  File "<string>", line 1, in <module>\n', '  File "C:\\DUNE\\dune_winder\\src\\winder\\Control\\Control\\Process.py", line 698, in switchAPA\n    False\n', '  File "C:\\DUNE\\dune_winder\\src\\winder\\Control\\Control\\AnodePlaneArray.py", line 56, in __init__\n    AnodePlaneArray.activeAPA.close()\n', '  File "C:\\DUNE\\dune_winder\\src\\winder\\Control\\Control\\AnodePlaneArray.py", line 308, in close\n    self._gCodeHandler._headPosition\n', '  File "C:\\DUNE\\dune_winder\\src\\winder\\Control\\Control\\APA_Base.py", line 231, in setLocation\n    print("$$$$$ APA_Base.setLocation SETTING X: %f Y: %f" %(self._x, self._y))\n']
